PlotTimeID,Year,Channel,Station,station.trt,channel.trt,Treatment1,Treatment2,Treatment3,year.xaxis,Cover
1,2012,Channel 12,Station 1 + 04,No treatment,Channel 12: No treatment,No treatment,No treatment,Control,NA,15.75
2,2012,Channel 12,Station 1 + 52,No treatment,Channel 12: No treatment,No treatment,No treatment,Control,NA,26.75
3,2012,Channel 12,Station 1 + 83,No treatment,Channel 12: No treatment,No treatment,No treatment,Control,NA,12.833333333333334
4,2012,Channel 12,Station 2 + 63,No treatment,Channel 12: No treatment,No treatment,No treatment,Control,NA,6.666666666666667
5,2012,Channel 12,Station 2 + 98,No treatment,Channel 12: No treatment,No treatment,No treatment,Control,NA,9.916666666666666
6,2012,Channel 12,Station 3 + 93,No treatment,Channel 12: No treatment,No treatment,No treatment,Control,NA,20.833333333333332
7,2012,Channel 12,Station 4 + 00,No treatment,Channel 12: No treatment,No treatment,No treatment,Control,NA,13.791666666666666
8,2012,Channel 12,Station 4 + 09,No treatment,Channel 12: No treatment,No treatment,No treatment,Control,NA,8.833333333333332
9,2012,Channel 12,Station 4 + 56,No treatment,Channel 12: No treatment,No treatment,No treatment,Control,NA,13.5
10,2012,Channel 12,Station 4 + 65,No treatment,Channel 12: No treatment,No treatment,No treatment,Control,NA,15.5
11,2012,Channel 12,Station 5 + 13,No treatment,Channel 12: No treatment,No treatment,No treatment,Control,NA,11.833333333333334
12,2012,Channel 12,Station 5 + 48,No treatment,Channel 12: No treatment,No treatment,No treatment,Control,NA,6.75
13,2012,Channel 12,Station 6 + 30,No treatment,Channel 12: No treatment,No treatment,No treatment,Control,NA,12.583333333333334
14,2012,Channel 12,Station 6 + 93,No treatment,Channel 12: No treatment,No treatment,No treatment,Control,NA,11.75
15,2012,Channel 13,Station 1 + 11.5 BAF,Baffle,Channel 13: In-channel treatment,Baffle,In-channel treatment,Treated,NA,4.416666666666667
16,2012,Channel 13,Station 1 + 38.5 ORD,One rock dam,Channel 13: In-channel treatment,One rock dam,In-channel treatment,Treated,NA,0.75
17,2012,Channel 13,Station 1 + 71 BAF,Baffle,Channel 13: In-channel treatment,Baffle,In-channel treatment,Treated,NA,1.5
18,2012,Channel 13,Station 1 + 77 ORD,One rock dam,Channel 13: In-channel treatment,One rock dam,In-channel treatment,Treated,NA,5.083333333333334
19,2012,Channel 13,Station 1 + 99 ORD,One rock dam,Channel 13: In-channel treatment,One rock dam,In-channel treatment,Treated,NA,12.875
20,2012,Channel 13,Station 2 + 16 BAF,Baffle,Channel 13: In-channel treatment,Baffle,In-channel treatment,Treated,NA,5.666666666666667
21,2012,Channel 13,Station 2 + 57 ORD,One rock dam,Channel 13: In-channel treatment,One rock dam,In-channel treatment,Treated,NA,14
22,2012,Channel 13,Station 2 + 67 BAF,Baffle,Channel 13: In-channel treatment,Baffle,In-channel treatment,Treated,NA,16.333333333333332
23,2012,Channel 13,Station 3 + 09 ORD,One rock dam,Channel 13: In-channel treatment,One rock dam,In-channel treatment,Treated,NA,13.333333333333334
24,2012,Channel 13,Station 3 + 31 BAF,Baffle,Channel 13: In-channel treatment,Baffle,In-channel treatment,Treated,NA,16
25,2012,Channel 13,Station 3 + 65 ORD,One rock dam,Channel 13: In-channel treatment,One rock dam,In-channel treatment,Treated,NA,16.666666666666668
26,2012,Channel 13,Station 3 + 95.5 ORD,One rock dam,Channel 13: In-channel treatment,One rock dam,In-channel treatment,Treated,NA,14.25
27,2012,Channel 13,Station 4 + 14.5 BAF,Baffle,Channel 13: In-channel treatment,Baffle,In-channel treatment,Treated,NA,23.166666666666664
28,2012,Channel 13,Station 4 + 36 ORD,One rock dam,Channel 13: In-channel treatment,One rock dam,In-channel treatment,Treated,NA,22.166666666666664
29,2012,Channel 13,Station 4 + 50 BAF,Baffle,Channel 13: In-channel treatment,Baffle,In-channel treatment,Treated,NA,22.25
30,2012,Channel 13,Station 4 + 78 ORD,One rock dam,Channel 13: In-channel treatment,One rock dam,In-channel treatment,Treated,NA,31.25
31,2012,Channel 19,Station 01 + 04,No treatment,Channel 19: Upland treatment,Upland,Upland treatment,Control,NA,16.166666666666668
33,2012,Channel 19,Station 02 + 52,No treatment,Channel 19: Upland treatment,Upland,Upland treatment,Control,NA,45.583333333333336
34,2012,Channel 19,Station 03 + 63,No treatment,Channel 19: Upland treatment,Upland,Upland treatment,Control,NA,26.833333333333332
35,2012,Channel 19,Station 03 + 98,No treatment,Channel 19: Upland treatment,Upland,Upland treatment,Control,NA,33
36,2012,Channel 19,Station 05 + 00,No treatment,Channel 19: Upland treatment,Upland,Upland treatment,Control,NA,52
37,2012,Channel 19,Station 05 + 09,No treatment,Channel 19: Upland treatment,Upland,Upland treatment,Control,NA,9.666666666666668
38,2012,Channel 19,Station 05 + 62,No treatment,Channel 19: Upland treatment,Upland,Upland treatment,Control,NA,13.75
39,2012,Channel 19,Station 06 + 13,No treatment,Channel 19: Upland treatment,Upland,Upland treatment,Control,NA,13.416666666666668
40,2012,Channel 19,Station 06 + 97,No treatment,Channel 19: Upland treatment,Upland,Upland treatment,Control,NA,18.25
41,2012,Channel 19,Station 07 + 30,No treatment,Channel 19: Upland treatment,Upland,Upland treatment,Control,NA,45
42,2012,Channel 19,Station 07 + 50,No treatment,Channel 19: Upland treatment,Upland,Upland treatment,Control,NA,26.916666666666668
43,2012,Channel 19,Station 07 + 97,No treatment,Channel 19: Upland treatment,Upland,Upland treatment,Control,NA,22
44,2012,Channel 19,Station 09 + 05,No treatment,Channel 19: Upland treatment,Upland,Upland treatment,Control,NA,36.833333333333336
45,2012,Channel 19,Station 09 + 26,No treatment,Channel 19: Upland treatment,Upland,Upland treatment,Control,NA,30.333333333333336
46,2012,Channel 19,Station 09 + 68,No treatment,Channel 19: Upland treatment,Upland,Upland treatment,Control,NA,3.75
47,2012,Channel 19,Station 10 + 98,No treatment,Channel 19: Upland treatment,Upland,Upland treatment,Control,NA,20.25
48,2012,Channel 21,Station 01 + 07.5 BAF,Baffle,Channel 21: In-channel treatment,Baffle,In-channel treatment,Treated,NA,20.333333333333332
49,2012,Channel 21,Station 01 + 49 ORD,One rock dam,Channel 21: In-channel treatment,One rock dam,In-channel treatment,Treated,NA,7.75
50,2012,Channel 21,Station 02 + 15 BAF,Baffle,Channel 21: In-channel treatment,Baffle,In-channel treatment,Treated,NA,20
51,2012,Channel 21,Station 03 + 80 BAF,Baffle,Channel 21: In-channel treatment,Baffle,In-channel treatment,Treated,NA,2.8333333333333335
52,2012,Channel 21,Station 04 + 90 ORD,One rock dam,Channel 21: In-channel treatment,One rock dam,In-channel treatment,Treated,NA,6.333333333333333
53,2012,Channel 21,Station 06 + 36 BAF,Baffle,Channel 21: In-channel treatment,Baffle,In-channel treatment,Treated,NA,5.083333333333333
54,2012,Channel 21,Station 07 + 49.5 ORD,One rock dam,Channel 21: In-channel treatment,One rock dam,In-channel treatment,Treated,NA,3.8333333333333335
55,2012,Channel 21,Station 07 + 66 BAF,Baffle,Channel 21: In-channel treatment,Baffle,In-channel treatment,Treated,NA,3.1666666666666665
56,2012,Channel 21,Station 08 + 62 BAF,Baffle,Channel 21: In-channel treatment,Baffle,In-channel treatment,Treated,NA,13.5
57,2012,Channel 21,Station 09 + 99 ORD,One rock dam,Channel 21: In-channel treatment,One rock dam,In-channel treatment,Treated,NA,1.5
58,2012,Channel 21,Station 10 + 13 BAF,Baffle,Channel 21: In-channel treatment,Baffle,In-channel treatment,Treated,NA,2.5
59,2012,Channel 21,Station 11 + 12 ORD,One rock dam,Channel 21: In-channel treatment,One rock dam,In-channel treatment,Treated,NA,12.416666666666666
60,2012,Channel 21,Station 11 + 24 BAF,Baffle,Channel 21: In-channel treatment,Baffle,In-channel treatment,Treated,NA,14.166666666666666
61,2012,Channel 21,Station 11 + 63 ORD,One rock dam,Channel 21: In-channel treatment,One rock dam,In-channel treatment,Treated,NA,12.583333333333334
62,2012,Channel 21,Station 11 + 73 BAF,Baffle,Channel 21: In-channel treatment,Baffle,In-channel treatment,Treated,NA,8.833333333333334
63,2013,Channel 12,Station 1 + 04,No treatment,Channel 12: No treatment,No treatment,No treatment,Control,NA,20.583333333333332
64,2013,Channel 12,Station 1 + 52,No treatment,Channel 12: No treatment,No treatment,No treatment,Control,NA,22.5
65,2013,Channel 12,Station 1 + 83,No treatment,Channel 12: No treatment,No treatment,No treatment,Control,NA,21.5
66,2013,Channel 12,Station 2 + 63,No treatment,Channel 12: No treatment,No treatment,No treatment,Control,NA,28.916666666666668
67,2013,Channel 12,Station 2 + 98,No treatment,Channel 12: No treatment,No treatment,No treatment,Control,NA,28.083333333333332
68,2013,Channel 12,Station 3 + 93,No treatment,Channel 12: No treatment,No treatment,No treatment,Control,NA,12
69,2013,Channel 12,Station 4 + 00,No treatment,Channel 12: No treatment,No treatment,No treatment,Control,NA,19.375
70,2013,Channel 12,Station 4 + 09,No treatment,Channel 12: No treatment,No treatment,No treatment,Control,NA,16
71,2013,Channel 12,Station 4 + 56,No treatment,Channel 12: No treatment,No treatment,No treatment,Control,NA,24.333333333333332
73,2013,Channel 12,Station 5 + 13,No treatment,Channel 12: No treatment,No treatment,No treatment,Control,NA,20.25
74,2013,Channel 12,Station 5 + 48,No treatment,Channel 12: No treatment,No treatment,No treatment,Control,NA,6.666666666666667
75,2013,Channel 12,Station 6 + 30,No treatment,Channel 12: No treatment,No treatment,No treatment,Control,NA,17.333333333333332
76,2013,Channel 12,Station 6 + 93,No treatment,Channel 12: No treatment,No treatment,No treatment,Control,NA,12.75
77,2013,Channel 13,Station 1 + 11.5 BAF,Baffle,Channel 13: In-channel treatment,Baffle,In-channel treatment,Treated,NA,0.9166666666666667
78,2013,Channel 13,Station 1 + 38.5 ORD,One rock dam,Channel 13: In-channel treatment,One rock dam,In-channel treatment,Treated,NA,0.9166666666666667
79,2013,Channel 13,Station 1 + 71 BAF,Baffle,Channel 13: In-channel treatment,Baffle,In-channel treatment,Treated,NA,3
80,2013,Channel 13,Station 1 + 99 ORD,One rock dam,Channel 13: In-channel treatment,One rock dam,In-channel treatment,Treated,NA,3.5833333333333335
81,2013,Channel 13,Station 2 + 16 BAF,Baffle,Channel 13: In-channel treatment,Baffle,In-channel treatment,Treated,NA,4.583333333333333
82,2013,Channel 13,Station 2 + 57 ORD,One rock dam,Channel 13: In-channel treatment,One rock dam,In-channel treatment,Treated,NA,8.833333333333334
83,2013,Channel 13,Station 2 + 67 BAF,Baffle,Channel 13: In-channel treatment,Baffle,In-channel treatment,Treated,NA,9.916666666666666
84,2013,Channel 13,Station 3 + 09 ORD,One rock dam,Channel 13: In-channel treatment,One rock dam,In-channel treatment,Treated,NA,5.583333333333333
85,2013,Channel 13,Station 3 + 31 BAF,Baffle,Channel 13: In-channel treatment,Baffle,In-channel treatment,Treated,NA,2.5833333333333335
86,2013,Channel 13,Station 3 + 65 ORD,One rock dam,Channel 13: In-channel treatment,One rock dam,In-channel treatment,Treated,NA,8.25
87,2013,Channel 13,Station 3 + 95.5 ORD,One rock dam,Channel 13: In-channel treatment,One rock dam,In-channel treatment,Treated,NA,6.5
88,2013,Channel 13,Station 4 + 14.5 BAF,Baffle,Channel 13: In-channel treatment,Baffle,In-channel treatment,Treated,NA,12.083333333333334
89,2013,Channel 13,Station 4 + 36 ORD,One rock dam,Channel 13: In-channel treatment,One rock dam,In-channel treatment,Treated,NA,16.25
90,2013,Channel 13,Station 4 + 50 BAF,Baffle,Channel 13: In-channel treatment,Baffle,In-channel treatment,Treated,NA,16.666666666666668
92,2013,Channel 19,Station 01 + 04,No treatment,Channel 19: Upland treatment,Upland,Upland treatment,Control,NA,8
93,2013,Channel 19,Station 02 + 04,No treatment,Channel 19: Upland treatment,Upland,Upland treatment,Control,NA,23.666666666666668
94,2013,Channel 19,Station 02 + 52,No treatment,Channel 19: Upland treatment,Upland,Upland treatment,Control,NA,28.75
95,2013,Channel 19,Station 03 + 63,No treatment,Channel 19: Upland treatment,Upland,Upland treatment,Control,NA,20.166666666666668
96,2013,Channel 19,Station 03 + 98,No treatment,Channel 19: Upland treatment,Upland,Upland treatment,Control,NA,38.25
97,2013,Channel 19,Station 05 + 00,No treatment,Channel 19: Upland treatment,Upland,Upland treatment,Control,NA,14.333333333333334
98,2013,Channel 19,Station 05 + 09,No treatment,Channel 19: Upland treatment,Upland,Upland treatment,Control,NA,8.166666666666666
99,2013,Channel 19,Station 05 + 62,No treatment,Channel 19: Upland treatment,Upland,Upland treatment,Control,NA,15.833333333333334
100,2013,Channel 19,Station 06 + 13,No treatment,Channel 19: Upland treatment,Upland,Upland treatment,Control,NA,16.083333333333332
101,2013,Channel 19,Station 06 + 97,No treatment,Channel 19: Upland treatment,Upland,Upland treatment,Control,NA,1.9166666666666667
102,2013,Channel 19,Station 07 + 30,No treatment,Channel 19: Upland treatment,Upland,Upland treatment,Control,NA,9.416666666666666
103,2013,Channel 19,Station 07 + 50,No treatment,Channel 19: Upland treatment,Upland,Upland treatment,Control,NA,3.833333333333333
104,2013,Channel 19,Station 07 + 97,No treatment,Channel 19: Upland treatment,Upland,Upland treatment,Control,NA,16.916666666666668
105,2013,Channel 19,Station 09 + 05,No treatment,Channel 19: Upland treatment,Upland,Upland treatment,Control,NA,16.833333333333336
106,2013,Channel 19,Station 09 + 26,No treatment,Channel 19: Upland treatment,Upland,Upland treatment,Control,NA,23.333333333333332
107,2013,Channel 19,Station 09 + 68,No treatment,Channel 19: Upland treatment,Upland,Upland treatment,Control,NA,13.583333333333334
108,2013,Channel 19,Station 10 + 98,No treatment,Channel 19: Upland treatment,Upland,Upland treatment,Control,NA,13.083333333333334
109,2013,Channel 21,Station 01 + 07.5 BAF,Baffle,Channel 21: In-channel treatment,Baffle,In-channel treatment,Treated,NA,6.333333333333333
110,2013,Channel 21,Station 01 + 49 ORD,One rock dam,Channel 21: In-channel treatment,One rock dam,In-channel treatment,Treated,NA,8.416666666666666
111,2013,Channel 21,Station 02 + 15 BAF,Baffle,Channel 21: In-channel treatment,Baffle,In-channel treatment,Treated,NA,12.666666666666666
112,2013,Channel 21,Station 03 + 80 BAF,Baffle,Channel 21: In-channel treatment,Baffle,In-channel treatment,Treated,NA,4.25
113,2013,Channel 21,Station 04 + 90 ORD,One rock dam,Channel 21: In-channel treatment,One rock dam,In-channel treatment,Treated,NA,1.75
114,2013,Channel 21,Station 06 + 36 BAF,Baffle,Channel 21: In-channel treatment,Baffle,In-channel treatment,Treated,NA,7
115,2013,Channel 21,Station 07 + 49.5 ORD,One rock dam,Channel 21: In-channel treatment,One rock dam,In-channel treatment,Treated,NA,5.333333333333333
116,2013,Channel 21,Station 07 + 66 BAF,Baffle,Channel 21: In-channel treatment,Baffle,In-channel treatment,Treated,NA,0.8333333333333334
117,2013,Channel 21,Station 08 + 62 BAF,Baffle,Channel 21: In-channel treatment,Baffle,In-channel treatment,Treated,NA,3.583333333333333
118,2013,Channel 21,Station 09 + 99 ORD,One rock dam,Channel 21: In-channel treatment,One rock dam,In-channel treatment,Treated,NA,2.9166666666666665
119,2013,Channel 21,Station 10 + 13 BAF,Baffle,Channel 21: In-channel treatment,Baffle,In-channel treatment,Treated,NA,3.25
120,2013,Channel 21,Station 11 + 12 ORD,One rock dam,Channel 21: In-channel treatment,One rock dam,In-channel treatment,Treated,NA,12.583333333333334
121,2013,Channel 21,Station 11 + 24 BAF,Baffle,Channel 21: In-channel treatment,Baffle,In-channel treatment,Treated,NA,13.416666666666666
122,2013,Channel 21,Station 11 + 63 ORD,One rock dam,Channel 21: In-channel treatment,One rock dam,In-channel treatment,Treated,NA,12.708333333333334
123,2013,Channel 21,Station 11 + 73 BAF,Baffle,Channel 21: In-channel treatment,Baffle,In-channel treatment,Treated,NA,6.25
124,2014,Channel 12,Station 1 + 04,No treatment,Channel 12: No treatment,No treatment,No treatment,Control,NA,13.375
125,2014,Channel 12,Station 1 + 52,No treatment,Channel 12: No treatment,No treatment,No treatment,Control,NA,13.5
126,2014,Channel 12,Station 1 + 83,No treatment,Channel 12: No treatment,No treatment,No treatment,Control,NA,17.875
127,2014,Channel 12,Station 2 + 63,No treatment,Channel 12: No treatment,No treatment,No treatment,Control,NA,15.5
128,2014,Channel 12,Station 2 + 98,No treatment,Channel 12: No treatment,No treatment,No treatment,Control,NA,10.625
129,2014,Channel 12,Station 3 + 93,No treatment,Channel 12: No treatment,No treatment,No treatment,Control,NA,6.125
130,2014,Channel 12,Station 4 + 00,No treatment,Channel 12: No treatment,No treatment,No treatment,Control,NA,11
131,2014,Channel 12,Station 4 + 09,No treatment,Channel 12: No treatment,No treatment,No treatment,Control,NA,4.25
132,2014,Channel 12,Station 4 + 56,No treatment,Channel 12: No treatment,No treatment,No treatment,Control,NA,10.875
133,2014,Channel 12,Station 4 + 65,No treatment,Channel 12: No treatment,No treatment,No treatment,Control,NA,2.5
134,2014,Channel 12,Station 5 + 13,No treatment,Channel 12: No treatment,No treatment,No treatment,Control,NA,16.75
135,2014,Channel 12,Station 5 + 48,No treatment,Channel 12: No treatment,No treatment,No treatment,Control,NA,3.375
136,2014,Channel 12,Station 6 + 30,No treatment,Channel 12: No treatment,No treatment,No treatment,Control,NA,3.375
137,2014,Channel 12,Station 6 + 93,No treatment,Channel 12: No treatment,No treatment,No treatment,Control,NA,9.5
138,2014,Channel 13,Station 1 + 11.5 BAF,Baffle,Channel 13: In-channel treatment,Baffle,In-channel treatment,Treated,NA,5.3125
139,2014,Channel 13,Station 1 + 38.5 ORD,One rock dam,Channel 13: In-channel treatment,One rock dam,In-channel treatment,Treated,NA,2.25
140,2014,Channel 13,Station 1 + 71 BAF,Baffle,Channel 13: In-channel treatment,Baffle,In-channel treatment,Treated,NA,6.375
141,2014,Channel 13,Station 1 + 77 ORD,One rock dam,Channel 13: In-channel treatment,One rock dam,In-channel treatment,Treated,NA,4.375
142,2014,Channel 13,Station 1 + 99 ORD,One rock dam,Channel 13: In-channel treatment,One rock dam,In-channel treatment,Treated,NA,11.3125
143,2014,Channel 13,Station 2 + 16 BAF,Baffle,Channel 13: In-channel treatment,Baffle,In-channel treatment,Treated,NA,5.75
144,2014,Channel 13,Station 2 + 57 ORD,One rock dam,Channel 13: In-channel treatment,One rock dam,In-channel treatment,Treated,NA,13.125
145,2014,Channel 13,Station 2 + 67 BAF,Baffle,Channel 13: In-channel treatment,Baffle,In-channel treatment,Treated,NA,22.125
146,2014,Channel 13,Station 3 + 09 ORD,One rock dam,Channel 13: In-channel treatment,One rock dam,In-channel treatment,Treated,NA,15
147,2014,Channel 13,Station 3 + 31 BAF,Baffle,Channel 13: In-channel treatment,Baffle,In-channel treatment,Treated,NA,15
148,2014,Channel 13,Station 3 + 65 ORD,One rock dam,Channel 13: In-channel treatment,One rock dam,In-channel treatment,Treated,NA,25.125
149,2014,Channel 13,Station 3 + 95.5 ORD,One rock dam,Channel 13: In-channel treatment,One rock dam,In-channel treatment,Treated,NA,16.75
150,2014,Channel 13,Station 4 + 14.5 BAF,Baffle,Channel 13: In-channel treatment,Baffle,In-channel treatment,Treated,NA,18.75
151,2014,Channel 13,Station 4 + 36 ORD,One rock dam,Channel 13: In-channel treatment,One rock dam,In-channel treatment,Treated,NA,13.375
152,2014,Channel 13,Station 4 + 50 BAF,Baffle,Channel 13: In-channel treatment,Baffle,In-channel treatment,Treated,NA,32.25
153,2014,Channel 13,Station 4 + 78 ORD,One rock dam,Channel 13: In-channel treatment,One rock dam,In-channel treatment,Treated,NA,24.25
155,2014,Channel 19,Station 02 + 04,No treatment,Channel 19: Upland treatment,Upland,Upland treatment,Control,NA,22.5
156,2014,Channel 19,Station 02 + 52,No treatment,Channel 19: Upland treatment,Upland,Upland treatment,Control,NA,63.875
157,2014,Channel 19,Station 03 + 63,No treatment,Channel 19: Upland treatment,Upland,Upland treatment,Control,NA,13.75
158,2014,Channel 19,Station 03 + 98,No treatment,Channel 19: Upland treatment,Upland,Upland treatment,Control,NA,68.125
159,2014,Channel 19,Station 05 + 00,No treatment,Channel 19: Upland treatment,Upland,Upland treatment,Control,NA,51.125
160,2014,Channel 19,Station 05 + 09,No treatment,Channel 19: Upland treatment,Upland,Upland treatment,Control,NA,27.375
161,2014,Channel 19,Station 05 + 62,No treatment,Channel 19: Upland treatment,Upland,Upland treatment,Control,NA,32.75
162,2014,Channel 19,Station 06 + 13,No treatment,Channel 19: Upland treatment,Upland,Upland treatment,Control,NA,30.125
163,2014,Channel 19,Station 06 + 97,No treatment,Channel 19: Upland treatment,Upland,Upland treatment,Control,NA,22
164,2014,Channel 19,Station 07 + 30,No treatment,Channel 19: Upland treatment,Upland,Upland treatment,Control,NA,23.625
165,2014,Channel 19,Station 07 + 50,No treatment,Channel 19: Upland treatment,Upland,Upland treatment,Control,NA,18.875
166,2014,Channel 19,Station 07 + 97,No treatment,Channel 19: Upland treatment,Upland,Upland treatment,Control,NA,29.875
167,2014,Channel 19,Station 09 + 05,No treatment,Channel 19: Upland treatment,Upland,Upland treatment,Control,NA,34.25
168,2014,Channel 19,Station 09 + 26,No treatment,Channel 19: Upland treatment,Upland,Upland treatment,Control,NA,44
169,2014,Channel 19,Station 09 + 68,No treatment,Channel 19: Upland treatment,Upland,Upland treatment,Control,NA,26.625
170,2014,Channel 19,Station 10 + 98,No treatment,Channel 19: Upland treatment,Upland,Upland treatment,Control,NA,21
171,2014,Channel 21,Station 01 + 07.5 BAF,Baffle,Channel 21: In-channel treatment,Baffle,In-channel treatment,Treated,NA,22.375
172,2014,Channel 21,Station 01 + 49 ORD,One rock dam,Channel 21: In-channel treatment,One rock dam,In-channel treatment,Treated,NA,25
173,2014,Channel 21,Station 02 + 15 BAF,Baffle,Channel 21: In-channel treatment,Baffle,In-channel treatment,Treated,NA,15.625
174,2014,Channel 21,Station 03 + 80 BAF,Baffle,Channel 21: In-channel treatment,Baffle,In-channel treatment,Treated,NA,6.375
175,2014,Channel 21,Station 04 + 90 ORD,One rock dam,Channel 21: In-channel treatment,One rock dam,In-channel treatment,Treated,NA,12.875
176,2014,Channel 21,Station 06 + 36 BAF,Baffle,Channel 21: In-channel treatment,Baffle,In-channel treatment,Treated,NA,26.875
177,2014,Channel 21,Station 07 + 49.5 ORD,One rock dam,Channel 21: In-channel treatment,One rock dam,In-channel treatment,Treated,NA,11.25
178,2014,Channel 21,Station 07 + 66 BAF,Baffle,Channel 21: In-channel treatment,Baffle,In-channel treatment,Treated,NA,3.625
179,2014,Channel 21,Station 08 + 62 BAF,Baffle,Channel 21: In-channel treatment,Baffle,In-channel treatment,Treated,NA,13
180,2014,Channel 21,Station 09 + 99 ORD,One rock dam,Channel 21: In-channel treatment,One rock dam,In-channel treatment,Treated,NA,8.25
181,2014,Channel 21,Station 10 + 13 BAF,Baffle,Channel 21: In-channel treatment,Baffle,In-channel treatment,Treated,NA,20
182,2014,Channel 21,Station 11 + 12 ORD,One rock dam,Channel 21: In-channel treatment,One rock dam,In-channel treatment,Treated,NA,18.25
183,2014,Channel 21,Station 11 + 24 BAF,Baffle,Channel 21: In-channel treatment,Baffle,In-channel treatment,Treated,NA,10.5
184,2014,Channel 21,Station 11 + 63 ORD,One rock dam,Channel 21: In-channel treatment,One rock dam,In-channel treatment,Treated,NA,25.9375
185,2014,Channel 21,Station 11 + 73 BAF,Baffle,Channel 21: In-channel treatment,Baffle,In-channel treatment,Treated,NA,18.25
186,2015,Channel 12,Station 1 + 04,No treatment,Channel 12: No treatment,No treatment,No treatment,Control,NA,25.5
187,2015,Channel 12,Station 1 + 52,No treatment,Channel 12: No treatment,No treatment,No treatment,Control,NA,10.375
188,2015,Channel 12,Station 1 + 83,No treatment,Channel 12: No treatment,No treatment,No treatment,Control,NA,23.875
189,2015,Channel 12,Station 2 + 63,No treatment,Channel 12: No treatment,No treatment,No treatment,Control,NA,24.75
190,2015,Channel 12,Station 2 + 98,No treatment,Channel 12: No treatment,No treatment,No treatment,Control,NA,17.375
191,2015,Channel 12,Station 3 + 93,No treatment,Channel 12: No treatment,No treatment,No treatment,Control,NA,12.625
192,2015,Channel 12,Station 4 + 00,No treatment,Channel 12: No treatment,No treatment,No treatment,Control,NA,10.125
193,2015,Channel 12,Station 4 + 09,No treatment,Channel 12: No treatment,No treatment,No treatment,Control,NA,11.625
194,2015,Channel 12,Station 4 + 56,No treatment,Channel 12: No treatment,No treatment,No treatment,Control,NA,18.75
195,2015,Channel 12,Station 4 + 65,No treatment,Channel 12: No treatment,No treatment,No treatment,Control,NA,15.375
196,2015,Channel 12,Station 5 + 13,No treatment,Channel 12: No treatment,No treatment,No treatment,Control,NA,11
197,2015,Channel 12,Station 5 + 48,No treatment,Channel 12: No treatment,No treatment,No treatment,Control,NA,24.75
198,2015,Channel 12,Station 6 + 30,No treatment,Channel 12: No treatment,No treatment,No treatment,Control,NA,15
199,2015,Channel 12,Station 6 + 93,No treatment,Channel 12: No treatment,No treatment,No treatment,Control,NA,25.5
200,2015,Channel 13,Station 1 + 11.5 BAF,Baffle,Channel 13: In-channel treatment,Baffle,In-channel treatment,Treated,NA,5.125
201,2015,Channel 13,Station 1 + 38.5 ORD,One rock dam,Channel 13: In-channel treatment,One rock dam,In-channel treatment,Treated,NA,3.25
202,2015,Channel 13,Station 1 + 71 BAF,Baffle,Channel 13: In-channel treatment,Baffle,In-channel treatment,Treated,NA,6.625
203,2015,Channel 13,Station 1 + 77 ORD,One rock dam,Channel 13: In-channel treatment,One rock dam,In-channel treatment,Treated,NA,7.75
204,2015,Channel 13,Station 1 + 99 ORD,One rock dam,Channel 13: In-channel treatment,One rock dam,In-channel treatment,Treated,NA,10.6875
205,2015,Channel 13,Station 2 + 16 BAF,Baffle,Channel 13: In-channel treatment,Baffle,In-channel treatment,Treated,NA,8.625
206,2015,Channel 13,Station 2 + 57 ORD,One rock dam,Channel 13: In-channel treatment,One rock dam,In-channel treatment,Treated,NA,13
207,2015,Channel 13,Station 2 + 67 BAF,Baffle,Channel 13: In-channel treatment,Baffle,In-channel treatment,Treated,NA,7.375
208,2015,Channel 13,Station 3 + 09 ORD,One rock dam,Channel 13: In-channel treatment,One rock dam,In-channel treatment,Treated,NA,10.125
209,2015,Channel 13,Station 3 + 31 BAF,Baffle,Channel 13: In-channel treatment,Baffle,In-channel treatment,Treated,NA,9
210,2015,Channel 13,Station 3 + 65 ORD,One rock dam,Channel 13: In-channel treatment,One rock dam,In-channel treatment,Treated,NA,4.75
211,2015,Channel 13,Station 3 + 95.5 ORD,One rock dam,Channel 13: In-channel treatment,One rock dam,In-channel treatment,Treated,NA,11.75
212,2015,Channel 13,Station 4 + 14.5 BAF,Baffle,Channel 13: In-channel treatment,Baffle,In-channel treatment,Treated,NA,24.125
213,2015,Channel 13,Station 4 + 36 ORD,One rock dam,Channel 13: In-channel treatment,One rock dam,In-channel treatment,Treated,NA,28.625
214,2015,Channel 13,Station 4 + 50 BAF,Baffle,Channel 13: In-channel treatment,Baffle,In-channel treatment,Treated,NA,28.5
215,2015,Channel 13,Station 4 + 78 ORD,One rock dam,Channel 13: In-channel treatment,One rock dam,In-channel treatment,Treated,NA,33.5
216,2015,Channel 19,Station 01 + 04,No treatment,Channel 19: Upland treatment,Upland,Upland treatment,Control,NA,18.875
217,2015,Channel 19,Station 02 + 04,No treatment,Channel 19: Upland treatment,Upland,Upland treatment,Control,NA,8.375
218,2015,Channel 19,Station 02 + 52,No treatment,Channel 19: Upland treatment,Upland,Upland treatment,Control,NA,27.875
219,2015,Channel 19,Station 03 + 63,No treatment,Channel 19: Upland treatment,Upland,Upland treatment,Control,NA,11
220,2015,Channel 19,Station 03 + 98,No treatment,Channel 19: Upland treatment,Upland,Upland treatment,Control,NA,13.5
221,2015,Channel 19,Station 05 + 00,No treatment,Channel 19: Upland treatment,Upland,Upland treatment,Control,NA,13.875
222,2015,Channel 19,Station 05 + 09,No treatment,Channel 19: Upland treatment,Upland,Upland treatment,Control,NA,7.375
223,2015,Channel 19,Station 05 + 62,No treatment,Channel 19: Upland treatment,Upland,Upland treatment,Control,NA,7.6875
224,2015,Channel 19,Station 06 + 13,No treatment,Channel 19: Upland treatment,Upland,Upland treatment,Control,NA,16.75
225,2015,Channel 19,Station 06 + 97,No treatment,Channel 19: Upland treatment,Upland,Upland treatment,Control,NA,12.25
226,2015,Channel 19,Station 07 + 30,No treatment,Channel 19: Upland treatment,Upland,Upland treatment,Control,NA,1.875
227,2015,Channel 19,Station 07 + 50,No treatment,Channel 19: Upland treatment,Upland,Upland treatment,Control,NA,11.25
228,2015,Channel 19,Station 07 + 97,No treatment,Channel 19: Upland treatment,Upland,Upland treatment,Control,NA,13
229,2015,Channel 19,Station 09 + 05,No treatment,Channel 19: Upland treatment,Upland,Upland treatment,Control,NA,7.5
230,2015,Channel 19,Station 09 + 26,No treatment,Channel 19: Upland treatment,Upland,Upland treatment,Control,NA,11.25
231,2015,Channel 19,Station 09 + 68,No treatment,Channel 19: Upland treatment,Upland,Upland treatment,Control,NA,7.25
232,2015,Channel 19,Station 10 + 98,No treatment,Channel 19: Upland treatment,Upland,Upland treatment,Control,NA,4.25
233,2015,Channel 21,Station 01 + 07.5 BAF,Baffle,Channel 21: In-channel treatment,Baffle,In-channel treatment,Treated,NA,14.75
234,2015,Channel 21,Station 01 + 49 ORD,One rock dam,Channel 21: In-channel treatment,One rock dam,In-channel treatment,Treated,NA,16.875
235,2015,Channel 21,Station 02 + 15 BAF,Baffle,Channel 21: In-channel treatment,Baffle,In-channel treatment,Treated,NA,10.125
236,2015,Channel 21,Station 03 + 80 BAF,Baffle,Channel 21: In-channel treatment,Baffle,In-channel treatment,Treated,NA,8.875
237,2015,Channel 21,Station 04 + 90 ORD,One rock dam,Channel 21: In-channel treatment,One rock dam,In-channel treatment,Treated,NA,11.25
238,2015,Channel 21,Station 06 + 36 BAF,Baffle,Channel 21: In-channel treatment,Baffle,In-channel treatment,Treated,NA,14.25
239,2015,Channel 21,Station 07 + 49.5 ORD,One rock dam,Channel 21: In-channel treatment,One rock dam,In-channel treatment,Treated,NA,3.625
241,2015,Channel 21,Station 08 + 62 BAF,Baffle,Channel 21: In-channel treatment,Baffle,In-channel treatment,Treated,NA,15.625
242,2015,Channel 21,Station 09 + 99 ORD,One rock dam,Channel 21: In-channel treatment,One rock dam,In-channel treatment,Treated,NA,5.75
243,2015,Channel 21,Station 10 + 13 BAF,Baffle,Channel 21: In-channel treatment,Baffle,In-channel treatment,Treated,NA,7.5
244,2015,Channel 21,Station 11 + 12 ORD,One rock dam,Channel 21: In-channel treatment,One rock dam,In-channel treatment,Treated,NA,19.375
245,2015,Channel 21,Station 11 + 24 BAF,Baffle,Channel 21: In-channel treatment,Baffle,In-channel treatment,Treated,NA,9
246,2015,Channel 21,Station 11 + 63 ORD,One rock dam,Channel 21: In-channel treatment,One rock dam,In-channel treatment,Treated,NA,23.625
247,2015,Channel 21,Station 11 + 73 BAF,Baffle,Channel 21: In-channel treatment,Baffle,In-channel treatment,Treated,NA,10
248,2018,Channel 12,Station 1 + 04,No treatment,Channel 12: No treatment,No treatment,No treatment,Control,NA,16.875
249,2018,Channel 12,Station 1 + 52,No treatment,Channel 12: No treatment,No treatment,No treatment,Control,NA,38.25
250,2018,Channel 12,Station 1 + 83,No treatment,Channel 12: No treatment,No treatment,No treatment,Control,NA,29.125
251,2018,Channel 12,Station 2 + 63,No treatment,Channel 12: No treatment,No treatment,No treatment,Control,NA,19
252,2018,Channel 12,Station 2 + 98,No treatment,Channel 12: No treatment,No treatment,No treatment,Control,NA,19.25
253,2018,Channel 12,Station 3 + 93,No treatment,Channel 12: No treatment,No treatment,No treatment,Control,NA,13.75
254,2018,Channel 12,Station 4 + 00,No treatment,Channel 12: No treatment,No treatment,No treatment,Control,NA,25.625
255,2018,Channel 12,Station 4 + 09,No treatment,Channel 12: No treatment,No treatment,No treatment,Control,NA,32
256,2018,Channel 12,Station 4 + 56,No treatment,Channel 12: No treatment,No treatment,No treatment,Control,NA,23.375
257,2018,Channel 12,Station 4 + 65,No treatment,Channel 12: No treatment,No treatment,No treatment,Control,NA,14.25
258,2018,Channel 12,Station 5 + 13,No treatment,Channel 12: No treatment,No treatment,No treatment,Control,NA,35.5
259,2018,Channel 12,Station 5 + 48,No treatment,Channel 12: No treatment,No treatment,No treatment,Control,NA,3.375
260,2018,Channel 12,Station 6 + 30,No treatment,Channel 12: No treatment,No treatment,No treatment,Control,NA,4.125
261,2018,Channel 12,Station 6 + 93,No treatment,Channel 12: No treatment,No treatment,No treatment,Control,NA,16.125
262,2018,Channel 13,Station 1 + 11.5 BAF,Baffle,Channel 13: In-channel treatment,Baffle,In-channel treatment,Treated,NA,7.5
263,2018,Channel 13,Station 1 + 38.5 ORD,One rock dam,Channel 13: In-channel treatment,One rock dam,In-channel treatment,Treated,NA,15.375
264,2018,Channel 13,Station 1 + 71 BAF,Baffle,Channel 13: In-channel treatment,Baffle,In-channel treatment,Treated,NA,29.875
265,2018,Channel 13,Station 1 + 77 ORD,One rock dam,Channel 13: In-channel treatment,One rock dam,In-channel treatment,Treated,NA,13.75
266,2018,Channel 13,Station 1 + 99 ORD,One rock dam,Channel 13: In-channel treatment,One rock dam,In-channel treatment,Treated,NA,23.3125
267,2018,Channel 13,Station 2 + 16 BAF,Baffle,Channel 13: In-channel treatment,Baffle,In-channel treatment,Treated,NA,6.375
268,2018,Channel 13,Station 2 + 57 ORD,One rock dam,Channel 13: In-channel treatment,One rock dam,In-channel treatment,Treated,NA,54.625
269,2018,Channel 13,Station 2 + 67 BAF,Baffle,Channel 13: In-channel treatment,Baffle,In-channel treatment,Treated,NA,43.125
270,2018,Channel 13,Station 3 + 09 ORD,One rock dam,Channel 13: In-channel treatment,One rock dam,In-channel treatment,Treated,NA,12.25
271,2018,Channel 13,Station 3 + 31 BAF,Baffle,Channel 13: In-channel treatment,Baffle,In-channel treatment,Treated,NA,37
272,2018,Channel 13,Station 3 + 65 ORD,One rock dam,Channel 13: In-channel treatment,One rock dam,In-channel treatment,Treated,NA,8.25
273,2018,Channel 13,Station 3 + 95.5 ORD,One rock dam,Channel 13: In-channel treatment,One rock dam,In-channel treatment,Treated,NA,31.875
274,2018,Channel 13,Station 4 + 14.5 BAF,Baffle,Channel 13: In-channel treatment,Baffle,In-channel treatment,Treated,NA,42.625
275,2018,Channel 13,Station 4 + 36 ORD,One rock dam,Channel 13: In-channel treatment,One rock dam,In-channel treatment,Treated,NA,60.75
276,2018,Channel 13,Station 4 + 50 BAF,Baffle,Channel 13: In-channel treatment,Baffle,In-channel treatment,Treated,NA,46
277,2018,Channel 13,Station 4 + 78 ORD,One rock dam,Channel 13: In-channel treatment,One rock dam,In-channel treatment,Treated,NA,54.375
278,2018,Channel 19,Station 01 + 04,No treatment,Channel 19: Upland treatment,Upland,Upland treatment,Control,NA,6.125
279,2018,Channel 19,Station 02 + 04,No treatment,Channel 19: Upland treatment,Upland,Upland treatment,Control,NA,8.0625
280,2018,Channel 19,Station 02 + 52,No treatment,Channel 19: Upland treatment,Upland,Upland treatment,Control,NA,44.5625
281,2018,Channel 19,Station 03 + 63,No treatment,Channel 19: Upland treatment,Upland,Upland treatment,Control,NA,19.25
282,2018,Channel 19,Station 03 + 98,No treatment,Channel 19: Upland treatment,Upland,Upland treatment,Control,NA,33.25
283,2018,Channel 19,Station 05 + 00,No treatment,Channel 19: Upland treatment,Upland,Upland treatment,Control,NA,34.25
284,2018,Channel 19,Station 05 + 09,No treatment,Channel 19: Upland treatment,Upland,Upland treatment,Control,NA,14
285,2018,Channel 19,Station 05 + 62,No treatment,Channel 19: Upland treatment,Upland,Upland treatment,Control,NA,22.3125
286,2018,Channel 19,Station 06 + 13,No treatment,Channel 19: Upland treatment,Upland,Upland treatment,Control,NA,19.75
287,2018,Channel 19,Station 06 + 97,No treatment,Channel 19: Upland treatment,Upland,Upland treatment,Control,NA,1.625
288,2018,Channel 19,Station 07 + 30,No treatment,Channel 19: Upland treatment,Upland,Upland treatment,Control,NA,12.375
289,2018,Channel 19,Station 07 + 50,No treatment,Channel 19: Upland treatment,Upland,Upland treatment,Control,NA,15.375
290,2018,Channel 19,Station 07 + 97,No treatment,Channel 19: Upland treatment,Upland,Upland treatment,Control,NA,20.25
291,2018,Channel 19,Station 09 + 05,No treatment,Channel 19: Upland treatment,Upland,Upland treatment,Control,NA,22.375
292,2018,Channel 19,Station 09 + 26,No treatment,Channel 19: Upland treatment,Upland,Upland treatment,Control,NA,13.25
293,2018,Channel 19,Station 09 + 68,No treatment,Channel 19: Upland treatment,Upland,Upland treatment,Control,NA,28.375
294,2018,Channel 19,Station 10 + 98,No treatment,Channel 19: Upland treatment,Upland,Upland treatment,Control,NA,11
295,2018,Channel 21,Station 01 + 07.5 BAF,Baffle,Channel 21: In-channel treatment,Baffle,In-channel treatment,Treated,NA,36
296,2018,Channel 21,Station 01 + 49 ORD,One rock dam,Channel 21: In-channel treatment,One rock dam,In-channel treatment,Treated,NA,20.25
297,2018,Channel 21,Station 02 + 15 BAF,Baffle,Channel 21: In-channel treatment,Baffle,In-channel treatment,Treated,NA,9.5
298,2018,Channel 21,Station 03 + 80 BAF,Baffle,Channel 21: In-channel treatment,Baffle,In-channel treatment,Treated,NA,31.875
299,2018,Channel 21,Station 04 + 90 ORD,One rock dam,Channel 21: In-channel treatment,One rock dam,In-channel treatment,Treated,NA,13.625
300,2018,Channel 21,Station 06 + 36 BAF,Baffle,Channel 21: In-channel treatment,Baffle,In-channel treatment,Treated,NA,9.125
301,2018,Channel 21,Station 07 + 49.5 ORD,One rock dam,Channel 21: In-channel treatment,One rock dam,In-channel treatment,Treated,NA,13.75
302,2018,Channel 21,Station 07 + 66 BAF,Baffle,Channel 21: In-channel treatment,Baffle,In-channel treatment,Treated,NA,2.375
303,2018,Channel 21,Station 08 + 62 BAF,Baffle,Channel 21: In-channel treatment,Baffle,In-channel treatment,Treated,NA,20.375
304,2018,Channel 21,Station 09 + 99 ORD,One rock dam,Channel 21: In-channel treatment,One rock dam,In-channel treatment,Treated,NA,7
305,2018,Channel 21,Station 10 + 13 BAF,Baffle,Channel 21: In-channel treatment,Baffle,In-channel treatment,Treated,NA,12.375
306,2018,Channel 21,Station 11 + 12 ORD,One rock dam,Channel 21: In-channel treatment,One rock dam,In-channel treatment,Treated,NA,30
307,2018,Channel 21,Station 11 + 24 BAF,Baffle,Channel 21: In-channel treatment,Baffle,In-channel treatment,Treated,NA,18.625
308,2018,Channel 21,Station 11 + 63 ORD,One rock dam,Channel 21: In-channel treatment,One rock dam,In-channel treatment,Treated,NA,29.875
309,2018,Channel 21,Station 11 + 73 BAF,Baffle,Channel 21: In-channel treatment,Baffle,In-channel treatment,Treated,NA,17.375
310,2021,Channel 12,Station 1 + 04,No treatment,Channel 12: No treatment,No treatment,No treatment,Control,NA,22.25
311,2021,Channel 12,Station 1 + 52,No treatment,Channel 12: No treatment,No treatment,No treatment,Control,NA,26.875
312,2021,Channel 12,Station 1 + 83,No treatment,Channel 12: No treatment,No treatment,No treatment,Control,NA,10.375
313,2021,Channel 12,Station 2 + 63,No treatment,Channel 12: No treatment,No treatment,No treatment,Control,NA,6.25
314,2021,Channel 12,Station 2 + 98,No treatment,Channel 12: No treatment,No treatment,No treatment,Control,NA,28.25
315,2021,Channel 12,Station 3 + 93,No treatment,Channel 12: No treatment,No treatment,No treatment,Control,NA,25.875
316,2021,Channel 12,Station 4 + 00,No treatment,Channel 12: No treatment,No treatment,No treatment,Control,NA,19.1875
317,2021,Channel 12,Station 4 + 09,No treatment,Channel 12: No treatment,No treatment,No treatment,Control,NA,14.375
318,2021,Channel 12,Station 4 + 56,No treatment,Channel 12: No treatment,No treatment,No treatment,Control,NA,16.875
319,2021,Channel 12,Station 4 + 65,No treatment,Channel 12: No treatment,No treatment,No treatment,Control,NA,14.375
320,2021,Channel 12,Station 5 + 13,No treatment,Channel 12: No treatment,No treatment,No treatment,Control,NA,15.625
321,2021,Channel 12,Station 5 + 48,No treatment,Channel 12: No treatment,No treatment,No treatment,Control,NA,7.875
322,2021,Channel 12,Station 6 + 30,No treatment,Channel 12: No treatment,No treatment,No treatment,Control,NA,8.375
323,2021,Channel 12,Station 6 + 93,No treatment,Channel 12: No treatment,No treatment,No treatment,Control,NA,11.875
324,2021,Channel 13,Station 1 + 11.5 BAF,Baffle,Channel 13: In-channel treatment,Baffle,In-channel treatment,Treated,NA,3.5
325,2021,Channel 13,Station 1 + 38.5 ORD,One rock dam,Channel 13: In-channel treatment,One rock dam,In-channel treatment,Treated,NA,23.125
326,2021,Channel 13,Station 1 + 71 BAF,Baffle,Channel 13: In-channel treatment,Baffle,In-channel treatment,Treated,NA,10
327,2021,Channel 13,Station 1 + 77 ORD,One rock dam,Channel 13: In-channel treatment,One rock dam,In-channel treatment,Treated,NA,9.1
328,2021,Channel 13,Station 1 + 99 ORD,One rock dam,Channel 13: In-channel treatment,One rock dam,In-channel treatment,Treated,NA,30.75
329,2021,Channel 13,Station 2 + 16 BAF,Baffle,Channel 13: In-channel treatment,Baffle,In-channel treatment,Treated,NA,8.375
330,2021,Channel 13,Station 2 + 57 ORD,One rock dam,Channel 13: In-channel treatment,One rock dam,In-channel treatment,Treated,NA,30
331,2021,Channel 13,Station 2 + 67 BAF,Baffle,Channel 13: In-channel treatment,Baffle,In-channel treatment,Treated,NA,7.375
332,2021,Channel 13,Station 3 + 09 ORD,One rock dam,Channel 13: In-channel treatment,One rock dam,In-channel treatment,Treated,NA,5.875
333,2021,Channel 13,Station 3 + 31 BAF,Baffle,Channel 13: In-channel treatment,Baffle,In-channel treatment,Treated,NA,32.5
334,2021,Channel 13,Station 3 + 65 ORD,One rock dam,Channel 13: In-channel treatment,One rock dam,In-channel treatment,Treated,NA,43.875
335,2021,Channel 13,Station 3 + 95.5 ORD,One rock dam,Channel 13: In-channel treatment,One rock dam,In-channel treatment,Treated,NA,44.25
336,2021,Channel 13,Station 4 + 14.5 BAF,Baffle,Channel 13: In-channel treatment,Baffle,In-channel treatment,Treated,NA,44.625
337,2021,Channel 13,Station 4 + 36 ORD,One rock dam,Channel 13: In-channel treatment,One rock dam,In-channel treatment,Treated,NA,52.875
338,2021,Channel 13,Station 4 + 50 BAF,Baffle,Channel 13: In-channel treatment,Baffle,In-channel treatment,Treated,NA,39.125
339,2021,Channel 13,Station 4 + 78 ORD,One rock dam,Channel 13: In-channel treatment,One rock dam,In-channel treatment,Treated,NA,22.75
340,2021,Channel 19,Station 01 + 04,No treatment,Channel 19: Upland treatment,Upland,Upland treatment,Control,NA,10.875
341,2021,Channel 19,Station 02 + 04,No treatment,Channel 19: Upland treatment,Upland,Upland treatment,Control,NA,8.6875
342,2021,Channel 19,Station 02 + 52,No treatment,Channel 19: Upland treatment,Upland,Upland treatment,Control,NA,67
343,2021,Channel 19,Station 03 + 63,No treatment,Channel 19: Upland treatment,Upland,Upland treatment,Control,NA,17.375
344,2021,Channel 19,Station 03 + 98,No treatment,Channel 19: Upland treatment,Upland,Upland treatment,Control,NA,28.75
345,2021,Channel 19,Station 05 + 00,No treatment,Channel 19: Upland treatment,Upland,Upland treatment,Control,NA,62.25
346,2021,Channel 19,Station 05 + 09,No treatment,Channel 19: Upland treatment,Upland,Upland treatment,Control,NA,10.125
347,2021,Channel 19,Station 05 + 62,No treatment,Channel 19: Upland treatment,Upland,Upland treatment,Control,NA,29.25
348,2021,Channel 19,Station 06 + 13,No treatment,Channel 19: Upland treatment,Upland,Upland treatment,Control,NA,20.25
349,2021,Channel 19,Station 06 + 97,No treatment,Channel 19: Upland treatment,Upland,Upland treatment,Control,NA,38.125
350,2021,Channel 19,Station 07 + 30,No treatment,Channel 19: Upland treatment,Upland,Upland treatment,Control,NA,41.875
351,2021,Channel 19,Station 07 + 50,No treatment,Channel 19: Upland treatment,Upland,Upland treatment,Control,NA,28.5
352,2021,Channel 19,Station 07 + 97,No treatment,Channel 19: Upland treatment,Upland,Upland treatment,Control,NA,51.5
353,2021,Channel 19,Station 09 + 05,No treatment,Channel 19: Upland treatment,Upland,Upland treatment,Control,NA,46.875
354,2021,Channel 19,Station 09 + 26,No treatment,Channel 19: Upland treatment,Upland,Upland treatment,Control,NA,37.375
355,2021,Channel 19,Station 09 + 68,No treatment,Channel 19: Upland treatment,Upland,Upland treatment,Control,NA,54
356,2021,Channel 19,Station 10 + 98,No treatment,Channel 19: Upland treatment,Upland,Upland treatment,Control,NA,49.125
357,2021,Channel 21,Station 01 + 07.5 BAF,Baffle,Channel 21: In-channel treatment,Baffle,In-channel treatment,Treated,NA,27.375
358,2021,Channel 21,Station 01 + 49 ORD,One rock dam,Channel 21: In-channel treatment,One rock dam,In-channel treatment,Treated,NA,14.5
359,2021,Channel 21,Station 02 + 15 BAF,Baffle,Channel 21: In-channel treatment,Baffle,In-channel treatment,Treated,NA,2.125
360,2021,Channel 21,Station 03 + 80 BAF,Baffle,Channel 21: In-channel treatment,Baffle,In-channel treatment,Treated,NA,23.375
361,2021,Channel 21,Station 04 + 90 ORD,One rock dam,Channel 21: In-channel treatment,One rock dam,In-channel treatment,Treated,NA,7.375
362,2021,Channel 21,Station 06 + 36 BAF,Baffle,Channel 21: In-channel treatment,Baffle,In-channel treatment,Treated,NA,13.875
363,2021,Channel 21,Station 07 + 49.5 ORD,One rock dam,Channel 21: In-channel treatment,One rock dam,In-channel treatment,Treated,NA,17.125
364,2021,Channel 21,Station 07 + 66 BAF,Baffle,Channel 21: In-channel treatment,Baffle,In-channel treatment,Treated,NA,6.25
365,2021,Channel 21,Station 08 + 62 BAF,Baffle,Channel 21: In-channel treatment,Baffle,In-channel treatment,Treated,NA,19
366,2021,Channel 21,Station 09 + 99 ORD,One rock dam,Channel 21: In-channel treatment,One rock dam,In-channel treatment,Treated,NA,18.125
367,2021,Channel 21,Station 10 + 13 BAF,Baffle,Channel 21: In-channel treatment,Baffle,In-channel treatment,Treated,NA,8.5
368,2021,Channel 21,Station 11 + 12 ORD,One rock dam,Channel 21: In-channel treatment,One rock dam,In-channel treatment,Treated,NA,19.75
369,2021,Channel 21,Station 11 + 24 BAF,Baffle,Channel 21: In-channel treatment,Baffle,In-channel treatment,Treated,NA,16.875
370,2021,Channel 21,Station 11 + 63 ORD,One rock dam,Channel 21: In-channel treatment,One rock dam,In-channel treatment,Treated,NA,24.75
371,2021,Channel 21,Station 11 + 73 BAF,Baffle,Channel 21: In-channel treatment,Baffle,In-channel treatment,Treated,NA,47.5
