"PlotTimeID","Year","Channel","Station","station.trt","channel.trt","up.trt","inch.trt","woody","Cover"
1,"2012-11-01","Channel 12","Station 1 + 04","No treatment","Channel 12: No treatment",0,0,"Herbaceous",15.75
1,"2012-11-01","Channel 12","Station 1 + 04","No treatment","Channel 12: No treatment",0,0,"Woody",2.75
2,"2012-11-01","Channel 12","Station 1 + 52","No treatment","Channel 12: No treatment",0,0,"Herbaceous",26.75
2,"2012-11-01","Channel 12","Station 1 + 52","No treatment","Channel 12: No treatment",0,0,"Woody",22.5833333333333
3,"2012-11-01","Channel 12","Station 1 + 83","No treatment","Channel 12: No treatment",0,0,"Herbaceous",12.8333333333333
3,"2012-11-01","Channel 12","Station 1 + 83","No treatment","Channel 12: No treatment",0,0,"Woody",46.4166666666667
4,"2012-11-01","Channel 12","Station 2 + 63","No treatment","Channel 12: No treatment",0,0,"Herbaceous",6.66666666666667
4,"2012-11-01","Channel 12","Station 2 + 63","No treatment","Channel 12: No treatment",0,0,"Woody",22
5,"2012-11-01","Channel 12","Station 2 + 98","No treatment","Channel 12: No treatment",0,0,"Herbaceous",9.91666666666667
5,"2012-11-01","Channel 12","Station 2 + 98","No treatment","Channel 12: No treatment",0,0,"Woody",18.75
6,"2012-11-01","Channel 12","Station 3 + 93","No treatment","Channel 12: No treatment",0,0,"Herbaceous",20.8333333333333
6,"2012-11-01","Channel 12","Station 3 + 93","No treatment","Channel 12: No treatment",0,0,"Woody",72.9166666666667
7,"2012-11-01","Channel 12","Station 4 + 00","No treatment","Channel 12: No treatment",0,0,"Herbaceous",13.7916666666667
7,"2012-11-01","Channel 12","Station 4 + 00","No treatment","Channel 12: No treatment",0,0,"Woody",28
8,"2012-11-01","Channel 12","Station 4 + 09","No treatment","Channel 12: No treatment",0,0,"Herbaceous",8.83333333333333
8,"2012-11-01","Channel 12","Station 4 + 09","No treatment","Channel 12: No treatment",0,0,"Woody",47.0833333333333
9,"2012-11-01","Channel 12","Station 4 + 56","No treatment","Channel 12: No treatment",0,0,"Herbaceous",13.5
9,"2012-11-01","Channel 12","Station 4 + 56","No treatment","Channel 12: No treatment",0,0,"Woody",25.5
10,"2012-11-01","Channel 12","Station 4 + 65","No treatment","Channel 12: No treatment",0,0,"Herbaceous",15.5
10,"2012-11-01","Channel 12","Station 4 + 65","No treatment","Channel 12: No treatment",0,0,"Woody",58.8333333333333
11,"2012-11-01","Channel 12","Station 5 + 13","No treatment","Channel 12: No treatment",0,0,"Herbaceous",11.8333333333333
11,"2012-11-01","Channel 12","Station 5 + 13","No treatment","Channel 12: No treatment",0,0,"Woody",17.5
12,"2012-11-01","Channel 12","Station 5 + 48","No treatment","Channel 12: No treatment",0,0,"Herbaceous",6.75
12,"2012-11-01","Channel 12","Station 5 + 48","No treatment","Channel 12: No treatment",0,0,"Woody",33.3333333333333
13,"2012-11-01","Channel 12","Station 6 + 30","No treatment","Channel 12: No treatment",0,0,"Herbaceous",12.5833333333333
13,"2012-11-01","Channel 12","Station 6 + 30","No treatment","Channel 12: No treatment",0,0,"Woody",53.8333333333333
14,"2012-11-01","Channel 12","Station 6 + 93","No treatment","Channel 12: No treatment",0,0,"Herbaceous",11.75
14,"2012-11-01","Channel 12","Station 6 + 93","No treatment","Channel 12: No treatment",0,0,"Woody",85.5833333333333
15,"2012-11-01","Channel 13","Station 1 + 11.5 BAF","Baffle","Channel 13: In-channel treatment",0,1,"Herbaceous",4.41666666666667
15,"2012-11-01","Channel 13","Station 1 + 11.5 BAF","Baffle","Channel 13: In-channel treatment",0,1,"Woody",65.5
16,"2012-11-01","Channel 13","Station 1 + 38.5 ORD","One station dam","Channel 13: In-channel treatment",0,1,"Herbaceous",0.75
16,"2012-11-01","Channel 13","Station 1 + 38.5 ORD","One station dam","Channel 13: In-channel treatment",0,1,"Woody",54.3333333333333
17,"2012-11-01","Channel 13","Station 1 + 71 BAF","Baffle","Channel 13: In-channel treatment",0,1,"Herbaceous",1.5
17,"2012-11-01","Channel 13","Station 1 + 71 BAF","Baffle","Channel 13: In-channel treatment",0,1,"Woody",40.9166666666667
18,"2012-11-01","Channel 13","Station 1 + 77 ORD","One station dam","Channel 13: In-channel treatment",0,1,"Herbaceous",5.08333333333333
18,"2012-11-01","Channel 13","Station 1 + 77 ORD","One station dam","Channel 13: In-channel treatment",0,1,"Woody",41.3333333333333
19,"2012-11-01","Channel 13","Station 1 + 99 ORD","One station dam","Channel 13: In-channel treatment",0,1,"Herbaceous",12.875
19,"2012-11-01","Channel 13","Station 1 + 99 ORD","One station dam","Channel 13: In-channel treatment",0,1,"Woody",30
20,"2012-11-01","Channel 13","Station 2 + 16 BAF","Baffle","Channel 13: In-channel treatment",0,1,"Herbaceous",5.66666666666667
20,"2012-11-01","Channel 13","Station 2 + 16 BAF","Baffle","Channel 13: In-channel treatment",0,1,"Woody",75.8333333333333
21,"2012-11-01","Channel 13","Station 2 + 57 ORD","One station dam","Channel 13: In-channel treatment",0,1,"Herbaceous",14
21,"2012-11-01","Channel 13","Station 2 + 57 ORD","One station dam","Channel 13: In-channel treatment",0,1,"Woody",8.08333333333333
22,"2012-11-01","Channel 13","Station 2 + 67 BAF","Baffle","Channel 13: In-channel treatment",0,1,"Herbaceous",16.3333333333333
22,"2012-11-01","Channel 13","Station 2 + 67 BAF","Baffle","Channel 13: In-channel treatment",0,1,"Woody",55.1666666666667
23,"2012-11-01","Channel 13","Station 3 + 09 ORD","One station dam","Channel 13: In-channel treatment",0,1,"Herbaceous",13.3333333333333
23,"2012-11-01","Channel 13","Station 3 + 09 ORD","One station dam","Channel 13: In-channel treatment",0,1,"Woody",82
24,"2012-11-01","Channel 13","Station 3 + 31 BAF","Baffle","Channel 13: In-channel treatment",0,1,"Herbaceous",16
24,"2012-11-01","Channel 13","Station 3 + 31 BAF","Baffle","Channel 13: In-channel treatment",0,1,"Woody",36.25
25,"2012-11-01","Channel 13","Station 3 + 65 ORD","One station dam","Channel 13: In-channel treatment",0,1,"Herbaceous",16.6666666666667
25,"2012-11-01","Channel 13","Station 3 + 65 ORD","One station dam","Channel 13: In-channel treatment",0,1,"Woody",18.75
26,"2012-11-01","Channel 13","Station 3 + 95.5 ORD","One station dam","Channel 13: In-channel treatment",0,1,"Herbaceous",14.25
26,"2012-11-01","Channel 13","Station 3 + 95.5 ORD","One station dam","Channel 13: In-channel treatment",0,1,"Woody",24.5833333333333
27,"2012-11-01","Channel 13","Station 4 + 14.5 BAF","Baffle","Channel 13: In-channel treatment",0,1,"Herbaceous",23.1666666666667
27,"2012-11-01","Channel 13","Station 4 + 14.5 BAF","Baffle","Channel 13: In-channel treatment",0,1,"Woody",22.5
28,"2012-11-01","Channel 13","Station 4 + 36 ORD","One station dam","Channel 13: In-channel treatment",0,1,"Herbaceous",22.1666666666667
28,"2012-11-01","Channel 13","Station 4 + 36 ORD","One station dam","Channel 13: In-channel treatment",0,1,"Woody",37.5833333333333
29,"2012-11-01","Channel 13","Station 4 + 50 BAF","Baffle","Channel 13: In-channel treatment",0,1,"Herbaceous",22.25
29,"2012-11-01","Channel 13","Station 4 + 50 BAF","Baffle","Channel 13: In-channel treatment",0,1,"Woody",61.6666666666667
30,"2012-11-01","Channel 13","Station 4 + 78 ORD","One station dam","Channel 13: In-channel treatment",0,1,"Herbaceous",31.25
30,"2012-11-01","Channel 13","Station 4 + 78 ORD","One station dam","Channel 13: In-channel treatment",0,1,"Woody",42.9166666666667
31,"2012-11-01","Channel 19","Station 01 + 04","No treatment","Channel 19: Upland treatment",1,0,"Herbaceous",16.1666666666667
31,"2012-11-01","Channel 19","Station 01 + 04","No treatment","Channel 19: Upland treatment",1,0,"Woody",76.75
32,"2012-11-01","Channel 19","Station 02 + 04",NA,NA,NA,NA,NA,NA
33,"2012-11-01","Channel 19","Station 02 + 52","No treatment","Channel 19: Upland treatment",1,0,"Herbaceous",45.5833333333333
33,"2012-11-01","Channel 19","Station 02 + 52","No treatment","Channel 19: Upland treatment",1,0,"Woody",55.5
34,"2012-11-01","Channel 19","Station 03 + 63","No treatment","Channel 19: Upland treatment",1,0,"Herbaceous",26.8333333333333
34,"2012-11-01","Channel 19","Station 03 + 63","No treatment","Channel 19: Upland treatment",1,0,"Woody",83.4166666666667
35,"2012-11-01","Channel 19","Station 03 + 98","No treatment","Channel 19: Upland treatment",1,0,"Herbaceous",33
35,"2012-11-01","Channel 19","Station 03 + 98","No treatment","Channel 19: Upland treatment",1,0,"Woody",18
36,"2012-11-01","Channel 19","Station 05 + 00","No treatment","Channel 19: Upland treatment",1,0,"Herbaceous",52
36,"2012-11-01","Channel 19","Station 05 + 00","No treatment","Channel 19: Upland treatment",1,0,"Woody",9.66666666666667
37,"2012-11-01","Channel 19","Station 05 + 09","No treatment","Channel 19: Upland treatment",1,0,"Herbaceous",9.66666666666667
37,"2012-11-01","Channel 19","Station 05 + 09","No treatment","Channel 19: Upland treatment",1,0,"Woody",61.75
38,"2012-11-01","Channel 19","Station 05 + 62","No treatment","Channel 19: Upland treatment",1,0,"Herbaceous",13.75
38,"2012-11-01","Channel 19","Station 05 + 62","No treatment","Channel 19: Upland treatment",1,0,"Woody",2.91666666666667
39,"2012-11-01","Channel 19","Station 06 + 13","No treatment","Channel 19: Upland treatment",1,0,"Herbaceous",13.4166666666667
39,"2012-11-01","Channel 19","Station 06 + 13","No treatment","Channel 19: Upland treatment",1,0,"Woody",35
40,"2012-11-01","Channel 19","Station 06 + 97","No treatment","Channel 19: Upland treatment",1,0,"Herbaceous",18.25
40,"2012-11-01","Channel 19","Station 06 + 97","No treatment","Channel 19: Upland treatment",1,0,"Woody",57.9166666666667
41,"2012-11-01","Channel 19","Station 07 + 30","No treatment","Channel 19: Upland treatment",1,0,"Herbaceous",45
41,"2012-11-01","Channel 19","Station 07 + 30","No treatment","Channel 19: Upland treatment",1,0,"Woody",53.8333333333333
42,"2012-11-01","Channel 19","Station 07 + 50","No treatment","Channel 19: Upland treatment",1,0,"Herbaceous",26.9166666666667
42,"2012-11-01","Channel 19","Station 07 + 50","No treatment","Channel 19: Upland treatment",1,0,"Woody",40.9166666666667
43,"2012-11-01","Channel 19","Station 07 + 97","No treatment","Channel 19: Upland treatment",1,0,"Herbaceous",22
43,"2012-11-01","Channel 19","Station 07 + 97","No treatment","Channel 19: Upland treatment",1,0,"Woody",7.5
44,"2012-11-01","Channel 19","Station 09 + 05","No treatment","Channel 19: Upland treatment",1,0,"Herbaceous",36.8333333333333
44,"2012-11-01","Channel 19","Station 09 + 05","No treatment","Channel 19: Upland treatment",1,0,"Woody",22.5833333333333
45,"2012-11-01","Channel 19","Station 09 + 26","No treatment","Channel 19: Upland treatment",1,0,"Herbaceous",30.3333333333333
45,"2012-11-01","Channel 19","Station 09 + 26","No treatment","Channel 19: Upland treatment",1,0,"Woody",3.75
46,"2012-11-01","Channel 19","Station 09 + 68","No treatment","Channel 19: Upland treatment",1,0,"Herbaceous",3.75
46,"2012-11-01","Channel 19","Station 09 + 68","No treatment","Channel 19: Upland treatment",1,0,"Woody",69.1666666666667
47,"2012-11-01","Channel 19","Station 10 + 98","No treatment","Channel 19: Upland treatment",1,0,"Herbaceous",20.25
47,"2012-11-01","Channel 19","Station 10 + 98","No treatment","Channel 19: Upland treatment",1,0,"Woody",42.9166666666667
48,"2012-11-01","Channel 21","Station 01 + 07.5 BAF","Baffle","Channel 21: In-channel treatment",0,1,"Herbaceous",20.3333333333333
48,"2012-11-01","Channel 21","Station 01 + 07.5 BAF","Baffle","Channel 21: In-channel treatment",0,1,"Woody",16.6666666666667
49,"2012-11-01","Channel 21","Station 01 + 49 ORD","One station dam","Channel 21: In-channel treatment",0,1,"Herbaceous",7.75
49,"2012-11-01","Channel 21","Station 01 + 49 ORD","One station dam","Channel 21: In-channel treatment",0,1,"Woody",19.25
50,"2012-11-01","Channel 21","Station 02 + 15 BAF","Baffle","Channel 21: In-channel treatment",0,1,"Herbaceous",20
50,"2012-11-01","Channel 21","Station 02 + 15 BAF","Baffle","Channel 21: In-channel treatment",0,1,"Woody",6.66666666666667
51,"2012-11-01","Channel 21","Station 03 + 80 BAF","Baffle","Channel 21: In-channel treatment",0,1,"Herbaceous",2.83333333333333
51,"2012-11-01","Channel 21","Station 03 + 80 BAF","Baffle","Channel 21: In-channel treatment",0,1,"Woody",24.5833333333333
52,"2012-11-01","Channel 21","Station 04 + 90 ORD","One station dam","Channel 21: In-channel treatment",0,1,"Herbaceous",6.33333333333333
52,"2012-11-01","Channel 21","Station 04 + 90 ORD","One station dam","Channel 21: In-channel treatment",0,1,"Woody",2.5
53,"2012-11-01","Channel 21","Station 06 + 36 BAF","Baffle","Channel 21: In-channel treatment",0,1,"Herbaceous",5.08333333333333
53,"2012-11-01","Channel 21","Station 06 + 36 BAF","Baffle","Channel 21: In-channel treatment",0,1,"Woody",15.9166666666667
54,"2012-11-01","Channel 21","Station 07 + 49.5 ORD","One station dam","Channel 21: In-channel treatment",0,1,"Herbaceous",3.83333333333333
54,"2012-11-01","Channel 21","Station 07 + 49.5 ORD","One station dam","Channel 21: In-channel treatment",0,1,"Woody",30.5833333333333
55,"2012-11-01","Channel 21","Station 07 + 66 BAF","Baffle","Channel 21: In-channel treatment",0,1,"Herbaceous",3.16666666666667
55,"2012-11-01","Channel 21","Station 07 + 66 BAF","Baffle","Channel 21: In-channel treatment",0,1,"Woody",0.0833333333333333
56,"2012-11-01","Channel 21","Station 08 + 62 BAF","Baffle","Channel 21: In-channel treatment",0,1,"Herbaceous",13.5
56,"2012-11-01","Channel 21","Station 08 + 62 BAF","Baffle","Channel 21: In-channel treatment",0,1,"Woody",15.9166666666667
57,"2012-11-01","Channel 21","Station 09 + 99 ORD","One station dam","Channel 21: In-channel treatment",0,1,"Herbaceous",1.5
57,"2012-11-01","Channel 21","Station 09 + 99 ORD","One station dam","Channel 21: In-channel treatment",0,1,"Woody",6.91666666666667
58,"2012-11-01","Channel 21","Station 10 + 13 BAF","Baffle","Channel 21: In-channel treatment",0,1,"Herbaceous",2.5
58,"2012-11-01","Channel 21","Station 10 + 13 BAF","Baffle","Channel 21: In-channel treatment",0,1,"Woody",53.75
59,"2012-11-01","Channel 21","Station 11 + 12 ORD","One station dam","Channel 21: In-channel treatment",0,1,"Herbaceous",12.4166666666667
59,"2012-11-01","Channel 21","Station 11 + 12 ORD","One station dam","Channel 21: In-channel treatment",0,1,"Woody",32.75
60,"2012-11-01","Channel 21","Station 11 + 24 BAF","Baffle","Channel 21: In-channel treatment",0,1,"Herbaceous",14.1666666666667
60,"2012-11-01","Channel 21","Station 11 + 24 BAF","Baffle","Channel 21: In-channel treatment",0,1,"Woody",21.25
61,"2012-11-01","Channel 21","Station 11 + 63 ORD","One station dam","Channel 21: In-channel treatment",0,1,"Herbaceous",12.5833333333333
61,"2012-11-01","Channel 21","Station 11 + 63 ORD","One station dam","Channel 21: In-channel treatment",0,1,"Woody",17.6666666666667
62,"2012-11-01","Channel 21","Station 11 + 73 BAF","Baffle","Channel 21: In-channel treatment",0,1,"Herbaceous",8.83333333333333
62,"2012-11-01","Channel 21","Station 11 + 73 BAF","Baffle","Channel 21: In-channel treatment",0,1,"Woody",6.33333333333333
63,"2013-11-01","Channel 12","Station 1 + 04","No treatment","Channel 12: No treatment",0,0,"Herbaceous",20.5833333333333
63,"2013-11-01","Channel 12","Station 1 + 04","No treatment","Channel 12: No treatment",0,0,"Woody",27.1666666666667
64,"2013-11-01","Channel 12","Station 1 + 52","No treatment","Channel 12: No treatment",0,0,"Herbaceous",22.5
64,"2013-11-01","Channel 12","Station 1 + 52","No treatment","Channel 12: No treatment",0,0,"Woody",30.8333333333333
65,"2013-11-01","Channel 12","Station 1 + 83","No treatment","Channel 12: No treatment",0,0,"Herbaceous",21.5
65,"2013-11-01","Channel 12","Station 1 + 83","No treatment","Channel 12: No treatment",0,0,"Woody",59.25
66,"2013-11-01","Channel 12","Station 2 + 63","No treatment","Channel 12: No treatment",0,0,"Herbaceous",28.9166666666667
66,"2013-11-01","Channel 12","Station 2 + 63","No treatment","Channel 12: No treatment",0,0,"Woody",45.5833333333333
67,"2013-11-01","Channel 12","Station 2 + 98","No treatment","Channel 12: No treatment",0,0,"Herbaceous",28.0833333333333
67,"2013-11-01","Channel 12","Station 2 + 98","No treatment","Channel 12: No treatment",0,0,"Woody",67.3333333333333
68,"2013-11-01","Channel 12","Station 3 + 93","No treatment","Channel 12: No treatment",0,0,"Herbaceous",12
68,"2013-11-01","Channel 12","Station 3 + 93","No treatment","Channel 12: No treatment",0,0,"Woody",62.1666666666667
69,"2013-11-01","Channel 12","Station 4 + 00","No treatment","Channel 12: No treatment",0,0,"Herbaceous",19.375
69,"2013-11-01","Channel 12","Station 4 + 00","No treatment","Channel 12: No treatment",0,0,"Woody",65.9166666666667
70,"2013-11-01","Channel 12","Station 4 + 09","No treatment","Channel 12: No treatment",0,0,"Herbaceous",16
70,"2013-11-01","Channel 12","Station 4 + 09","No treatment","Channel 12: No treatment",0,0,"Woody",47.1666666666667
71,"2013-11-01","Channel 12","Station 4 + 56","No treatment","Channel 12: No treatment",0,0,"Herbaceous",24.3333333333333
71,"2013-11-01","Channel 12","Station 4 + 56","No treatment","Channel 12: No treatment",0,0,"Woody",22.5
72,"2013-11-01","Channel 12","Station 4 + 65",NA,NA,NA,NA,NA,NA
73,"2013-11-01","Channel 12","Station 5 + 13","No treatment","Channel 12: No treatment",0,0,"Herbaceous",20.25
73,"2013-11-01","Channel 12","Station 5 + 13","No treatment","Channel 12: No treatment",0,0,"Woody",30.9166666666667
74,"2013-11-01","Channel 12","Station 5 + 48","No treatment","Channel 12: No treatment",0,0,"Herbaceous",6.66666666666667
74,"2013-11-01","Channel 12","Station 5 + 48","No treatment","Channel 12: No treatment",0,0,"Woody",42.1666666666667
75,"2013-11-01","Channel 12","Station 6 + 30","No treatment","Channel 12: No treatment",0,0,"Herbaceous",17.3333333333333
75,"2013-11-01","Channel 12","Station 6 + 30","No treatment","Channel 12: No treatment",0,0,"Woody",71.6666666666667
76,"2013-11-01","Channel 12","Station 6 + 93","No treatment","Channel 12: No treatment",0,0,"Herbaceous",12.75
76,"2013-11-01","Channel 12","Station 6 + 93","No treatment","Channel 12: No treatment",0,0,"Woody",72.0833333333333
77,"2013-11-01","Channel 13","Station 1 + 11.5 BAF","Baffle","Channel 13: In-channel treatment",0,1,"Herbaceous",0.916666666666667
77,"2013-11-01","Channel 13","Station 1 + 11.5 BAF","Baffle","Channel 13: In-channel treatment",0,1,"Woody",68.3333333333333
78,"2013-11-01","Channel 13","Station 1 + 38.5 ORD","One station dam","Channel 13: In-channel treatment",0,1,"Herbaceous",0.916666666666667
78,"2013-11-01","Channel 13","Station 1 + 38.5 ORD","One station dam","Channel 13: In-channel treatment",0,1,"Woody",54.5833333333333
79,"2013-11-01","Channel 13","Station 1 + 71 BAF","Baffle","Channel 13: In-channel treatment",0,1,"Herbaceous",3
79,"2013-11-01","Channel 13","Station 1 + 71 BAF","Baffle","Channel 13: In-channel treatment",0,1,"Woody",32.5
80,"2013-11-01","Channel 13","Station 1 + 99 ORD","One station dam","Channel 13: In-channel treatment",0,1,"Herbaceous",3.58333333333333
80,"2013-11-01","Channel 13","Station 1 + 99 ORD","One station dam","Channel 13: In-channel treatment",0,1,"Woody",46.6666666666667
81,"2013-11-01","Channel 13","Station 2 + 16 BAF","Baffle","Channel 13: In-channel treatment",0,1,"Herbaceous",4.58333333333333
81,"2013-11-01","Channel 13","Station 2 + 16 BAF","Baffle","Channel 13: In-channel treatment",0,1,"Woody",30.9166666666667
82,"2013-11-01","Channel 13","Station 2 + 57 ORD","One station dam","Channel 13: In-channel treatment",0,1,"Herbaceous",8.83333333333333
82,"2013-11-01","Channel 13","Station 2 + 57 ORD","One station dam","Channel 13: In-channel treatment",0,1,"Woody",68.4166666666667
83,"2013-11-01","Channel 13","Station 2 + 67 BAF","Baffle","Channel 13: In-channel treatment",0,1,"Herbaceous",9.91666666666667
83,"2013-11-01","Channel 13","Station 2 + 67 BAF","Baffle","Channel 13: In-channel treatment",0,1,"Woody",3
84,"2013-11-01","Channel 13","Station 3 + 09 ORD","One station dam","Channel 13: In-channel treatment",0,1,"Herbaceous",5.58333333333333
84,"2013-11-01","Channel 13","Station 3 + 09 ORD","One station dam","Channel 13: In-channel treatment",0,1,"Woody",46
85,"2013-11-01","Channel 13","Station 3 + 31 BAF","Baffle","Channel 13: In-channel treatment",0,1,"Herbaceous",2.58333333333333
85,"2013-11-01","Channel 13","Station 3 + 31 BAF","Baffle","Channel 13: In-channel treatment",0,1,"Woody",80.8333333333333
86,"2013-11-01","Channel 13","Station 3 + 65 ORD","One station dam","Channel 13: In-channel treatment",0,1,"Herbaceous",8.25
86,"2013-11-01","Channel 13","Station 3 + 65 ORD","One station dam","Channel 13: In-channel treatment",0,1,"Woody",42.5
87,"2013-11-01","Channel 13","Station 3 + 95.5 ORD","One station dam","Channel 13: In-channel treatment",0,1,"Herbaceous",6.5
87,"2013-11-01","Channel 13","Station 3 + 95.5 ORD","One station dam","Channel 13: In-channel treatment",0,1,"Woody",33.25
88,"2013-11-01","Channel 13","Station 4 + 14.5 BAF","Baffle","Channel 13: In-channel treatment",0,1,"Herbaceous",12.0833333333333
88,"2013-11-01","Channel 13","Station 4 + 14.5 BAF","Baffle","Channel 13: In-channel treatment",0,1,"Woody",32.9166666666667
89,"2013-11-01","Channel 13","Station 4 + 36 ORD","One station dam","Channel 13: In-channel treatment",0,1,"Herbaceous",16.25
89,"2013-11-01","Channel 13","Station 4 + 36 ORD","One station dam","Channel 13: In-channel treatment",0,1,"Woody",21.6666666666667
90,"2013-11-01","Channel 13","Station 4 + 50 BAF","Baffle","Channel 13: In-channel treatment",0,1,"Herbaceous",16.6666666666667
90,"2013-11-01","Channel 13","Station 4 + 50 BAF","Baffle","Channel 13: In-channel treatment",0,1,"Woody",45.4166666666667
91,"2013-11-01","Channel 13","Station 4 + 78 ORD",NA,NA,NA,NA,NA,NA
92,"2013-11-01","Channel 19","Station 01 + 04","No treatment","Channel 19: Upland treatment",1,0,"Herbaceous",8
92,"2013-11-01","Channel 19","Station 01 + 04","No treatment","Channel 19: Upland treatment",1,0,"Woody",75.0833333333333
93,"2013-11-01","Channel 19","Station 02 + 04","No treatment","Channel 19: Upland treatment",1,0,"Herbaceous",23.6666666666667
93,"2013-11-01","Channel 19","Station 02 + 04","No treatment","Channel 19: Upland treatment",1,0,"Woody",20.4166666666667
94,"2013-11-01","Channel 19","Station 02 + 52","No treatment","Channel 19: Upland treatment",1,0,"Herbaceous",28.75
94,"2013-11-01","Channel 19","Station 02 + 52","No treatment","Channel 19: Upland treatment",1,0,"Woody",49.1666666666667
95,"2013-11-01","Channel 19","Station 03 + 63","No treatment","Channel 19: Upland treatment",1,0,"Herbaceous",20.1666666666667
95,"2013-11-01","Channel 19","Station 03 + 63","No treatment","Channel 19: Upland treatment",1,0,"Woody",91.6666666666667
96,"2013-11-01","Channel 19","Station 03 + 98","No treatment","Channel 19: Upland treatment",1,0,"Herbaceous",38.25
96,"2013-11-01","Channel 19","Station 03 + 98","No treatment","Channel 19: Upland treatment",1,0,"Woody",22.9166666666667
97,"2013-11-01","Channel 19","Station 05 + 00","No treatment","Channel 19: Upland treatment",1,0,"Herbaceous",14.3333333333333
98,"2013-11-01","Channel 19","Station 05 + 09","No treatment","Channel 19: Upland treatment",1,0,"Herbaceous",8.16666666666667
98,"2013-11-01","Channel 19","Station 05 + 09","No treatment","Channel 19: Upland treatment",1,0,"Woody",80.8333333333333
99,"2013-11-01","Channel 19","Station 05 + 62","No treatment","Channel 19: Upland treatment",1,0,"Herbaceous",15.8333333333333
99,"2013-11-01","Channel 19","Station 05 + 62","No treatment","Channel 19: Upland treatment",1,0,"Woody",0.833333333333333
100,"2013-11-01","Channel 19","Station 06 + 13","No treatment","Channel 19: Upland treatment",1,0,"Herbaceous",16.0833333333333
100,"2013-11-01","Channel 19","Station 06 + 13","No treatment","Channel 19: Upland treatment",1,0,"Woody",27.1666666666667
101,"2013-11-01","Channel 19","Station 06 + 97","No treatment","Channel 19: Upland treatment",1,0,"Herbaceous",1.91666666666667
101,"2013-11-01","Channel 19","Station 06 + 97","No treatment","Channel 19: Upland treatment",1,0,"Woody",59.1666666666667
102,"2013-11-01","Channel 19","Station 07 + 30","No treatment","Channel 19: Upland treatment",1,0,"Herbaceous",9.41666666666667
102,"2013-11-01","Channel 19","Station 07 + 30","No treatment","Channel 19: Upland treatment",1,0,"Woody",27.0833333333333
103,"2013-11-01","Channel 19","Station 07 + 50","No treatment","Channel 19: Upland treatment",1,0,"Herbaceous",3.83333333333333
103,"2013-11-01","Channel 19","Station 07 + 50","No treatment","Channel 19: Upland treatment",1,0,"Woody",46.6666666666667
104,"2013-11-01","Channel 19","Station 07 + 97","No treatment","Channel 19: Upland treatment",1,0,"Herbaceous",16.9166666666667
104,"2013-11-01","Channel 19","Station 07 + 97","No treatment","Channel 19: Upland treatment",1,0,"Woody",58.3333333333333
105,"2013-11-01","Channel 19","Station 09 + 05","No treatment","Channel 19: Upland treatment",1,0,"Herbaceous",16.8333333333333
105,"2013-11-01","Channel 19","Station 09 + 05","No treatment","Channel 19: Upland treatment",1,0,"Woody",17.5833333333333
106,"2013-11-01","Channel 19","Station 09 + 26","No treatment","Channel 19: Upland treatment",1,0,"Herbaceous",23.3333333333333
106,"2013-11-01","Channel 19","Station 09 + 26","No treatment","Channel 19: Upland treatment",1,0,"Woody",41.25
107,"2013-11-01","Channel 19","Station 09 + 68","No treatment","Channel 19: Upland treatment",1,0,"Herbaceous",13.5833333333333
107,"2013-11-01","Channel 19","Station 09 + 68","No treatment","Channel 19: Upland treatment",1,0,"Woody",27.9166666666667
108,"2013-11-01","Channel 19","Station 10 + 98","No treatment","Channel 19: Upland treatment",1,0,"Herbaceous",13.0833333333333
108,"2013-11-01","Channel 19","Station 10 + 98","No treatment","Channel 19: Upland treatment",1,0,"Woody",21.6666666666667
109,"2013-11-01","Channel 21","Station 01 + 07.5 BAF","Baffle","Channel 21: In-channel treatment",0,1,"Herbaceous",6.33333333333333
109,"2013-11-01","Channel 21","Station 01 + 07.5 BAF","Baffle","Channel 21: In-channel treatment",0,1,"Woody",16.6666666666667
110,"2013-11-01","Channel 21","Station 01 + 49 ORD","One station dam","Channel 21: In-channel treatment",0,1,"Herbaceous",8.41666666666667
110,"2013-11-01","Channel 21","Station 01 + 49 ORD","One station dam","Channel 21: In-channel treatment",0,1,"Woody",12.0833333333333
111,"2013-11-01","Channel 21","Station 02 + 15 BAF","Baffle","Channel 21: In-channel treatment",0,1,"Herbaceous",12.6666666666667
111,"2013-11-01","Channel 21","Station 02 + 15 BAF","Baffle","Channel 21: In-channel treatment",0,1,"Woody",6.25
112,"2013-11-01","Channel 21","Station 03 + 80 BAF","Baffle","Channel 21: In-channel treatment",0,1,"Herbaceous",4.25
112,"2013-11-01","Channel 21","Station 03 + 80 BAF","Baffle","Channel 21: In-channel treatment",0,1,"Woody",19.1666666666667
113,"2013-11-01","Channel 21","Station 04 + 90 ORD","One station dam","Channel 21: In-channel treatment",0,1,"Herbaceous",1.75
113,"2013-11-01","Channel 21","Station 04 + 90 ORD","One station dam","Channel 21: In-channel treatment",0,1,"Woody",2.5
114,"2013-11-01","Channel 21","Station 06 + 36 BAF","Baffle","Channel 21: In-channel treatment",0,1,"Herbaceous",7
114,"2013-11-01","Channel 21","Station 06 + 36 BAF","Baffle","Channel 21: In-channel treatment",0,1,"Woody",16.75
115,"2013-11-01","Channel 21","Station 07 + 49.5 ORD","One station dam","Channel 21: In-channel treatment",0,1,"Herbaceous",5.33333333333333
115,"2013-11-01","Channel 21","Station 07 + 49.5 ORD","One station dam","Channel 21: In-channel treatment",0,1,"Woody",16.75
116,"2013-11-01","Channel 21","Station 07 + 66 BAF","Baffle","Channel 21: In-channel treatment",0,1,"Herbaceous",0.833333333333333
117,"2013-11-01","Channel 21","Station 08 + 62 BAF","Baffle","Channel 21: In-channel treatment",0,1,"Herbaceous",3.58333333333333
117,"2013-11-01","Channel 21","Station 08 + 62 BAF","Baffle","Channel 21: In-channel treatment",0,1,"Woody",12.6666666666667
118,"2013-11-01","Channel 21","Station 09 + 99 ORD","One station dam","Channel 21: In-channel treatment",0,1,"Herbaceous",2.91666666666667
118,"2013-11-01","Channel 21","Station 09 + 99 ORD","One station dam","Channel 21: In-channel treatment",0,1,"Woody",12.9166666666667
119,"2013-11-01","Channel 21","Station 10 + 13 BAF","Baffle","Channel 21: In-channel treatment",0,1,"Herbaceous",3.25
119,"2013-11-01","Channel 21","Station 10 + 13 BAF","Baffle","Channel 21: In-channel treatment",0,1,"Woody",49.5833333333333
120,"2013-11-01","Channel 21","Station 11 + 12 ORD","One station dam","Channel 21: In-channel treatment",0,1,"Herbaceous",12.5833333333333
120,"2013-11-01","Channel 21","Station 11 + 12 ORD","One station dam","Channel 21: In-channel treatment",0,1,"Woody",31
121,"2013-11-01","Channel 21","Station 11 + 24 BAF","Baffle","Channel 21: In-channel treatment",0,1,"Herbaceous",13.4166666666667
121,"2013-11-01","Channel 21","Station 11 + 24 BAF","Baffle","Channel 21: In-channel treatment",0,1,"Woody",12.5833333333333
122,"2013-11-01","Channel 21","Station 11 + 63 ORD","One station dam","Channel 21: In-channel treatment",0,1,"Herbaceous",12.7083333333333
122,"2013-11-01","Channel 21","Station 11 + 63 ORD","One station dam","Channel 21: In-channel treatment",0,1,"Woody",22.5833333333333
123,"2013-11-01","Channel 21","Station 11 + 73 BAF","Baffle","Channel 21: In-channel treatment",0,1,"Herbaceous",6.25
123,"2013-11-01","Channel 21","Station 11 + 73 BAF","Baffle","Channel 21: In-channel treatment",0,1,"Woody",19.6666666666667
124,"2014-11-01","Channel 12","Station 1 + 04","No treatment","Channel 12: No treatment",0,0,"Herbaceous",13.375
124,"2014-11-01","Channel 12","Station 1 + 04","No treatment","Channel 12: No treatment",0,0,"Woody",11.375
125,"2014-11-01","Channel 12","Station 1 + 52","No treatment","Channel 12: No treatment",0,0,"Herbaceous",13.5
125,"2014-11-01","Channel 12","Station 1 + 52","No treatment","Channel 12: No treatment",0,0,"Woody",11.875
126,"2014-11-01","Channel 12","Station 1 + 83","No treatment","Channel 12: No treatment",0,0,"Herbaceous",17.875
126,"2014-11-01","Channel 12","Station 1 + 83","No treatment","Channel 12: No treatment",0,0,"Woody",36.375
127,"2014-11-01","Channel 12","Station 2 + 63","No treatment","Channel 12: No treatment",0,0,"Herbaceous",15.5
127,"2014-11-01","Channel 12","Station 2 + 63","No treatment","Channel 12: No treatment",0,0,"Woody",8.75
128,"2014-11-01","Channel 12","Station 2 + 98","No treatment","Channel 12: No treatment",0,0,"Herbaceous",10.625
128,"2014-11-01","Channel 12","Station 2 + 98","No treatment","Channel 12: No treatment",0,0,"Woody",39
129,"2014-11-01","Channel 12","Station 3 + 93","No treatment","Channel 12: No treatment",0,0,"Herbaceous",6.125
129,"2014-11-01","Channel 12","Station 3 + 93","No treatment","Channel 12: No treatment",0,0,"Woody",20.625
130,"2014-11-01","Channel 12","Station 4 + 00","No treatment","Channel 12: No treatment",0,0,"Herbaceous",11
130,"2014-11-01","Channel 12","Station 4 + 00","No treatment","Channel 12: No treatment",0,0,"Woody",51.25
131,"2014-11-01","Channel 12","Station 4 + 09","No treatment","Channel 12: No treatment",0,0,"Herbaceous",4.25
131,"2014-11-01","Channel 12","Station 4 + 09","No treatment","Channel 12: No treatment",0,0,"Woody",21.375
132,"2014-11-01","Channel 12","Station 4 + 56","No treatment","Channel 12: No treatment",0,0,"Herbaceous",10.875
132,"2014-11-01","Channel 12","Station 4 + 56","No treatment","Channel 12: No treatment",0,0,"Woody",20.625
133,"2014-11-01","Channel 12","Station 4 + 65","No treatment","Channel 12: No treatment",0,0,"Herbaceous",2.5
133,"2014-11-01","Channel 12","Station 4 + 65","No treatment","Channel 12: No treatment",0,0,"Woody",20
134,"2014-11-01","Channel 12","Station 5 + 13","No treatment","Channel 12: No treatment",0,0,"Herbaceous",16.75
134,"2014-11-01","Channel 12","Station 5 + 13","No treatment","Channel 12: No treatment",0,0,"Woody",18.125
135,"2014-11-01","Channel 12","Station 5 + 48","No treatment","Channel 12: No treatment",0,0,"Herbaceous",3.375
135,"2014-11-01","Channel 12","Station 5 + 48","No treatment","Channel 12: No treatment",0,0,"Woody",30.875
136,"2014-11-01","Channel 12","Station 6 + 30","No treatment","Channel 12: No treatment",0,0,"Herbaceous",3.375
136,"2014-11-01","Channel 12","Station 6 + 30","No treatment","Channel 12: No treatment",0,0,"Woody",73.25
137,"2014-11-01","Channel 12","Station 6 + 93","No treatment","Channel 12: No treatment",0,0,"Herbaceous",9.5
137,"2014-11-01","Channel 12","Station 6 + 93","No treatment","Channel 12: No treatment",0,0,"Woody",75
138,"2014-11-01","Channel 13","Station 1 + 11.5 BAF","Baffle","Channel 13: In-channel treatment",0,1,"Herbaceous",5.3125
138,"2014-11-01","Channel 13","Station 1 + 11.5 BAF","Baffle","Channel 13: In-channel treatment",0,1,"Woody",64.5
139,"2014-11-01","Channel 13","Station 1 + 38.5 ORD","One station dam","Channel 13: In-channel treatment",0,1,"Herbaceous",2.25
139,"2014-11-01","Channel 13","Station 1 + 38.5 ORD","One station dam","Channel 13: In-channel treatment",0,1,"Woody",77.5
140,"2014-11-01","Channel 13","Station 1 + 71 BAF","Baffle","Channel 13: In-channel treatment",0,1,"Herbaceous",6.375
140,"2014-11-01","Channel 13","Station 1 + 71 BAF","Baffle","Channel 13: In-channel treatment",0,1,"Woody",56.25
141,"2014-11-01","Channel 13","Station 1 + 77 ORD","One station dam","Channel 13: In-channel treatment",0,1,"Herbaceous",4.375
141,"2014-11-01","Channel 13","Station 1 + 77 ORD","One station dam","Channel 13: In-channel treatment",0,1,"Woody",63.125
142,"2014-11-01","Channel 13","Station 1 + 99 ORD","One station dam","Channel 13: In-channel treatment",0,1,"Herbaceous",11.3125
142,"2014-11-01","Channel 13","Station 1 + 99 ORD","One station dam","Channel 13: In-channel treatment",0,1,"Woody",28.75
143,"2014-11-01","Channel 13","Station 2 + 16 BAF","Baffle","Channel 13: In-channel treatment",0,1,"Herbaceous",5.75
143,"2014-11-01","Channel 13","Station 2 + 16 BAF","Baffle","Channel 13: In-channel treatment",0,1,"Woody",84.5
144,"2014-11-01","Channel 13","Station 2 + 57 ORD","One station dam","Channel 13: In-channel treatment",0,1,"Herbaceous",13.125
144,"2014-11-01","Channel 13","Station 2 + 57 ORD","One station dam","Channel 13: In-channel treatment",0,1,"Woody",13.125
145,"2014-11-01","Channel 13","Station 2 + 67 BAF","Baffle","Channel 13: In-channel treatment",0,1,"Herbaceous",22.125
145,"2014-11-01","Channel 13","Station 2 + 67 BAF","Baffle","Channel 13: In-channel treatment",0,1,"Woody",50.625
146,"2014-11-01","Channel 13","Station 3 + 09 ORD","One station dam","Channel 13: In-channel treatment",0,1,"Herbaceous",15
146,"2014-11-01","Channel 13","Station 3 + 09 ORD","One station dam","Channel 13: In-channel treatment",0,1,"Woody",54.75
147,"2014-11-01","Channel 13","Station 3 + 31 BAF","Baffle","Channel 13: In-channel treatment",0,1,"Herbaceous",15
147,"2014-11-01","Channel 13","Station 3 + 31 BAF","Baffle","Channel 13: In-channel treatment",0,1,"Woody",28.75
148,"2014-11-01","Channel 13","Station 3 + 65 ORD","One station dam","Channel 13: In-channel treatment",0,1,"Herbaceous",25.125
148,"2014-11-01","Channel 13","Station 3 + 65 ORD","One station dam","Channel 13: In-channel treatment",0,1,"Woody",37
149,"2014-11-01","Channel 13","Station 3 + 95.5 ORD","One station dam","Channel 13: In-channel treatment",0,1,"Herbaceous",16.75
149,"2014-11-01","Channel 13","Station 3 + 95.5 ORD","One station dam","Channel 13: In-channel treatment",0,1,"Woody",23.875
150,"2014-11-01","Channel 13","Station 4 + 14.5 BAF","Baffle","Channel 13: In-channel treatment",0,1,"Herbaceous",18.75
150,"2014-11-01","Channel 13","Station 4 + 14.5 BAF","Baffle","Channel 13: In-channel treatment",0,1,"Woody",11.375
151,"2014-11-01","Channel 13","Station 4 + 36 ORD","One station dam","Channel 13: In-channel treatment",0,1,"Herbaceous",13.375
151,"2014-11-01","Channel 13","Station 4 + 36 ORD","One station dam","Channel 13: In-channel treatment",0,1,"Woody",19.375
152,"2014-11-01","Channel 13","Station 4 + 50 BAF","Baffle","Channel 13: In-channel treatment",0,1,"Herbaceous",32.25
152,"2014-11-01","Channel 13","Station 4 + 50 BAF","Baffle","Channel 13: In-channel treatment",0,1,"Woody",65.125
153,"2014-11-01","Channel 13","Station 4 + 78 ORD","One station dam","Channel 13: In-channel treatment",0,1,"Herbaceous",24.25
153,"2014-11-01","Channel 13","Station 4 + 78 ORD","One station dam","Channel 13: In-channel treatment",0,1,"Woody",27.5
154,"2014-11-01","Channel 19","Station 01 + 04",NA,NA,NA,NA,NA,NA
155,"2014-11-01","Channel 19","Station 02 + 04","No treatment","Channel 19: Upland treatment",1,0,"Herbaceous",22.5
155,"2014-11-01","Channel 19","Station 02 + 04","No treatment","Channel 19: Upland treatment",1,0,"Woody",62.125
156,"2014-11-01","Channel 19","Station 02 + 52","No treatment","Channel 19: Upland treatment",1,0,"Herbaceous",63.875
156,"2014-11-01","Channel 19","Station 02 + 52","No treatment","Channel 19: Upland treatment",1,0,"Woody",40.625
157,"2014-11-01","Channel 19","Station 03 + 63","No treatment","Channel 19: Upland treatment",1,0,"Herbaceous",13.75
157,"2014-11-01","Channel 19","Station 03 + 63","No treatment","Channel 19: Upland treatment",1,0,"Woody",43.875
158,"2014-11-01","Channel 19","Station 03 + 98","No treatment","Channel 19: Upland treatment",1,0,"Herbaceous",68.125
158,"2014-11-01","Channel 19","Station 03 + 98","No treatment","Channel 19: Upland treatment",1,0,"Woody",15.75
159,"2014-11-01","Channel 19","Station 05 + 00","No treatment","Channel 19: Upland treatment",1,0,"Herbaceous",51.125
159,"2014-11-01","Channel 19","Station 05 + 00","No treatment","Channel 19: Upland treatment",1,0,"Woody",4.5
160,"2014-11-01","Channel 19","Station 05 + 09","No treatment","Channel 19: Upland treatment",1,0,"Herbaceous",27.375
160,"2014-11-01","Channel 19","Station 05 + 09","No treatment","Channel 19: Upland treatment",1,0,"Woody",77.5
161,"2014-11-01","Channel 19","Station 05 + 62","No treatment","Channel 19: Upland treatment",1,0,"Herbaceous",32.75
161,"2014-11-01","Channel 19","Station 05 + 62","No treatment","Channel 19: Upland treatment",1,0,"Woody",0.875
162,"2014-11-01","Channel 19","Station 06 + 13","No treatment","Channel 19: Upland treatment",1,0,"Herbaceous",30.125
162,"2014-11-01","Channel 19","Station 06 + 13","No treatment","Channel 19: Upland treatment",1,0,"Woody",0.625
163,"2014-11-01","Channel 19","Station 06 + 97","No treatment","Channel 19: Upland treatment",1,0,"Herbaceous",22
163,"2014-11-01","Channel 19","Station 06 + 97","No treatment","Channel 19: Upland treatment",1,0,"Woody",33.75
164,"2014-11-01","Channel 19","Station 07 + 30","No treatment","Channel 19: Upland treatment",1,0,"Herbaceous",23.625
164,"2014-11-01","Channel 19","Station 07 + 30","No treatment","Channel 19: Upland treatment",1,0,"Woody",28.125
165,"2014-11-01","Channel 19","Station 07 + 50","No treatment","Channel 19: Upland treatment",1,0,"Herbaceous",18.875
165,"2014-11-01","Channel 19","Station 07 + 50","No treatment","Channel 19: Upland treatment",1,0,"Woody",33.75
166,"2014-11-01","Channel 19","Station 07 + 97","No treatment","Channel 19: Upland treatment",1,0,"Herbaceous",29.875
166,"2014-11-01","Channel 19","Station 07 + 97","No treatment","Channel 19: Upland treatment",1,0,"Woody",34.375
167,"2014-11-01","Channel 19","Station 09 + 05","No treatment","Channel 19: Upland treatment",1,0,"Herbaceous",34.25
167,"2014-11-01","Channel 19","Station 09 + 05","No treatment","Channel 19: Upland treatment",1,0,"Woody",4.5
168,"2014-11-01","Channel 19","Station 09 + 26","No treatment","Channel 19: Upland treatment",1,0,"Herbaceous",44
168,"2014-11-01","Channel 19","Station 09 + 26","No treatment","Channel 19: Upland treatment",1,0,"Woody",15.625
169,"2014-11-01","Channel 19","Station 09 + 68","No treatment","Channel 19: Upland treatment",1,0,"Herbaceous",26.625
169,"2014-11-01","Channel 19","Station 09 + 68","No treatment","Channel 19: Upland treatment",1,0,"Woody",13.125
170,"2014-11-01","Channel 19","Station 10 + 98","No treatment","Channel 19: Upland treatment",1,0,"Herbaceous",21
170,"2014-11-01","Channel 19","Station 10 + 98","No treatment","Channel 19: Upland treatment",1,0,"Woody",34.375
171,"2014-11-01","Channel 21","Station 01 + 07.5 BAF","Baffle","Channel 21: In-channel treatment",0,1,"Herbaceous",22.375
171,"2014-11-01","Channel 21","Station 01 + 07.5 BAF","Baffle","Channel 21: In-channel treatment",0,1,"Woody",3.75
172,"2014-11-01","Channel 21","Station 01 + 49 ORD","One station dam","Channel 21: In-channel treatment",0,1,"Herbaceous",25
172,"2014-11-01","Channel 21","Station 01 + 49 ORD","One station dam","Channel 21: In-channel treatment",0,1,"Woody",13.375
173,"2014-11-01","Channel 21","Station 02 + 15 BAF","Baffle","Channel 21: In-channel treatment",0,1,"Herbaceous",15.625
173,"2014-11-01","Channel 21","Station 02 + 15 BAF","Baffle","Channel 21: In-channel treatment",0,1,"Woody",0.125
174,"2014-11-01","Channel 21","Station 03 + 80 BAF","Baffle","Channel 21: In-channel treatment",0,1,"Herbaceous",6.375
175,"2014-11-01","Channel 21","Station 04 + 90 ORD","One station dam","Channel 21: In-channel treatment",0,1,"Herbaceous",12.875
176,"2014-11-01","Channel 21","Station 06 + 36 BAF","Baffle","Channel 21: In-channel treatment",0,1,"Herbaceous",26.875
176,"2014-11-01","Channel 21","Station 06 + 36 BAF","Baffle","Channel 21: In-channel treatment",0,1,"Woody",10.625
177,"2014-11-01","Channel 21","Station 07 + 49.5 ORD","One station dam","Channel 21: In-channel treatment",0,1,"Herbaceous",11.25
177,"2014-11-01","Channel 21","Station 07 + 49.5 ORD","One station dam","Channel 21: In-channel treatment",0,1,"Woody",21.375
178,"2014-11-01","Channel 21","Station 07 + 66 BAF","Baffle","Channel 21: In-channel treatment",0,1,"Herbaceous",3.625
179,"2014-11-01","Channel 21","Station 08 + 62 BAF","Baffle","Channel 21: In-channel treatment",0,1,"Herbaceous",13
179,"2014-11-01","Channel 21","Station 08 + 62 BAF","Baffle","Channel 21: In-channel treatment",0,1,"Woody",15.25
180,"2014-11-01","Channel 21","Station 09 + 99 ORD","One station dam","Channel 21: In-channel treatment",0,1,"Herbaceous",8.25
180,"2014-11-01","Channel 21","Station 09 + 99 ORD","One station dam","Channel 21: In-channel treatment",0,1,"Woody",0.75
181,"2014-11-01","Channel 21","Station 10 + 13 BAF","Baffle","Channel 21: In-channel treatment",0,1,"Herbaceous",20
181,"2014-11-01","Channel 21","Station 10 + 13 BAF","Baffle","Channel 21: In-channel treatment",0,1,"Woody",61.5
182,"2014-11-01","Channel 21","Station 11 + 12 ORD","One station dam","Channel 21: In-channel treatment",0,1,"Herbaceous",18.25
182,"2014-11-01","Channel 21","Station 11 + 12 ORD","One station dam","Channel 21: In-channel treatment",0,1,"Woody",17.5
183,"2014-11-01","Channel 21","Station 11 + 24 BAF","Baffle","Channel 21: In-channel treatment",0,1,"Herbaceous",10.5
183,"2014-11-01","Channel 21","Station 11 + 24 BAF","Baffle","Channel 21: In-channel treatment",0,1,"Woody",17
184,"2014-11-01","Channel 21","Station 11 + 63 ORD","One station dam","Channel 21: In-channel treatment",0,1,"Herbaceous",25.9375
184,"2014-11-01","Channel 21","Station 11 + 63 ORD","One station dam","Channel 21: In-channel treatment",0,1,"Woody",42.875
185,"2014-11-01","Channel 21","Station 11 + 73 BAF","Baffle","Channel 21: In-channel treatment",0,1,"Herbaceous",18.25
185,"2014-11-01","Channel 21","Station 11 + 73 BAF","Baffle","Channel 21: In-channel treatment",0,1,"Woody",0.875
186,"2015-11-01","Channel 12","Station 1 + 04","No treatment","Channel 12: No treatment",0,0,"Herbaceous",25.5
186,"2015-11-01","Channel 12","Station 1 + 04","No treatment","Channel 12: No treatment",0,0,"Woody",0.125
187,"2015-11-01","Channel 12","Station 1 + 52","No treatment","Channel 12: No treatment",0,0,"Herbaceous",10.375
187,"2015-11-01","Channel 12","Station 1 + 52","No treatment","Channel 12: No treatment",0,0,"Woody",4.5
188,"2015-11-01","Channel 12","Station 1 + 83","No treatment","Channel 12: No treatment",0,0,"Herbaceous",23.875
188,"2015-11-01","Channel 12","Station 1 + 83","No treatment","Channel 12: No treatment",0,0,"Woody",51.875
189,"2015-11-01","Channel 12","Station 2 + 63","No treatment","Channel 12: No treatment",0,0,"Herbaceous",24.75
189,"2015-11-01","Channel 12","Station 2 + 63","No treatment","Channel 12: No treatment",0,0,"Woody",50.875
190,"2015-11-01","Channel 12","Station 2 + 98","No treatment","Channel 12: No treatment",0,0,"Herbaceous",17.375
190,"2015-11-01","Channel 12","Station 2 + 98","No treatment","Channel 12: No treatment",0,0,"Woody",67
191,"2015-11-01","Channel 12","Station 3 + 93","No treatment","Channel 12: No treatment",0,0,"Herbaceous",12.625
191,"2015-11-01","Channel 12","Station 3 + 93","No treatment","Channel 12: No treatment",0,0,"Woody",26.5
192,"2015-11-01","Channel 12","Station 4 + 00","No treatment","Channel 12: No treatment",0,0,"Herbaceous",10.125
192,"2015-11-01","Channel 12","Station 4 + 00","No treatment","Channel 12: No treatment",0,0,"Woody",68.75
193,"2015-11-01","Channel 12","Station 4 + 09","No treatment","Channel 12: No treatment",0,0,"Herbaceous",11.625
193,"2015-11-01","Channel 12","Station 4 + 09","No treatment","Channel 12: No treatment",0,0,"Woody",25.125
194,"2015-11-01","Channel 12","Station 4 + 56","No treatment","Channel 12: No treatment",0,0,"Herbaceous",18.75
194,"2015-11-01","Channel 12","Station 4 + 56","No treatment","Channel 12: No treatment",0,0,"Woody",12.5
195,"2015-11-01","Channel 12","Station 4 + 65","No treatment","Channel 12: No treatment",0,0,"Herbaceous",15.375
195,"2015-11-01","Channel 12","Station 4 + 65","No treatment","Channel 12: No treatment",0,0,"Woody",13.125
196,"2015-11-01","Channel 12","Station 5 + 13","No treatment","Channel 12: No treatment",0,0,"Herbaceous",11
196,"2015-11-01","Channel 12","Station 5 + 13","No treatment","Channel 12: No treatment",0,0,"Woody",73.375
197,"2015-11-01","Channel 12","Station 5 + 48","No treatment","Channel 12: No treatment",0,0,"Herbaceous",24.75
197,"2015-11-01","Channel 12","Station 5 + 48","No treatment","Channel 12: No treatment",0,0,"Woody",8.375
198,"2015-11-01","Channel 12","Station 6 + 30","No treatment","Channel 12: No treatment",0,0,"Herbaceous",15
198,"2015-11-01","Channel 12","Station 6 + 30","No treatment","Channel 12: No treatment",0,0,"Woody",82
199,"2015-11-01","Channel 12","Station 6 + 93","No treatment","Channel 12: No treatment",0,0,"Herbaceous",25.5
199,"2015-11-01","Channel 12","Station 6 + 93","No treatment","Channel 12: No treatment",0,0,"Woody",45
200,"2015-11-01","Channel 13","Station 1 + 11.5 BAF","Baffle","Channel 13: In-channel treatment",0,1,"Herbaceous",5.125
200,"2015-11-01","Channel 13","Station 1 + 11.5 BAF","Baffle","Channel 13: In-channel treatment",0,1,"Woody",35.875
201,"2015-11-01","Channel 13","Station 1 + 38.5 ORD","One station dam","Channel 13: In-channel treatment",0,1,"Herbaceous",3.25
201,"2015-11-01","Channel 13","Station 1 + 38.5 ORD","One station dam","Channel 13: In-channel treatment",0,1,"Woody",59.375
202,"2015-11-01","Channel 13","Station 1 + 71 BAF","Baffle","Channel 13: In-channel treatment",0,1,"Herbaceous",6.625
202,"2015-11-01","Channel 13","Station 1 + 71 BAF","Baffle","Channel 13: In-channel treatment",0,1,"Woody",66.875
203,"2015-11-01","Channel 13","Station 1 + 77 ORD","One station dam","Channel 13: In-channel treatment",0,1,"Herbaceous",7.75
203,"2015-11-01","Channel 13","Station 1 + 77 ORD","One station dam","Channel 13: In-channel treatment",0,1,"Woody",63.125
204,"2015-11-01","Channel 13","Station 1 + 99 ORD","One station dam","Channel 13: In-channel treatment",0,1,"Herbaceous",10.6875
204,"2015-11-01","Channel 13","Station 1 + 99 ORD","One station dam","Channel 13: In-channel treatment",0,1,"Woody",38.75
205,"2015-11-01","Channel 13","Station 2 + 16 BAF","Baffle","Channel 13: In-channel treatment",0,1,"Herbaceous",8.625
205,"2015-11-01","Channel 13","Station 2 + 16 BAF","Baffle","Channel 13: In-channel treatment",0,1,"Woody",62.5
206,"2015-11-01","Channel 13","Station 2 + 57 ORD","One station dam","Channel 13: In-channel treatment",0,1,"Herbaceous",13
206,"2015-11-01","Channel 13","Station 2 + 57 ORD","One station dam","Channel 13: In-channel treatment",0,1,"Woody",19.625
207,"2015-11-01","Channel 13","Station 2 + 67 BAF","Baffle","Channel 13: In-channel treatment",0,1,"Herbaceous",7.375
207,"2015-11-01","Channel 13","Station 2 + 67 BAF","Baffle","Channel 13: In-channel treatment",0,1,"Woody",42
208,"2015-11-01","Channel 13","Station 3 + 09 ORD","One station dam","Channel 13: In-channel treatment",0,1,"Herbaceous",10.125
208,"2015-11-01","Channel 13","Station 3 + 09 ORD","One station dam","Channel 13: In-channel treatment",0,1,"Woody",60
209,"2015-11-01","Channel 13","Station 3 + 31 BAF","Baffle","Channel 13: In-channel treatment",0,1,"Herbaceous",9
209,"2015-11-01","Channel 13","Station 3 + 31 BAF","Baffle","Channel 13: In-channel treatment",0,1,"Woody",32
210,"2015-11-01","Channel 13","Station 3 + 65 ORD","One station dam","Channel 13: In-channel treatment",0,1,"Herbaceous",4.75
210,"2015-11-01","Channel 13","Station 3 + 65 ORD","One station dam","Channel 13: In-channel treatment",0,1,"Woody",39.625
211,"2015-11-01","Channel 13","Station 3 + 95.5 ORD","One station dam","Channel 13: In-channel treatment",0,1,"Herbaceous",11.75
211,"2015-11-01","Channel 13","Station 3 + 95.5 ORD","One station dam","Channel 13: In-channel treatment",0,1,"Woody",20.125
212,"2015-11-01","Channel 13","Station 4 + 14.5 BAF","Baffle","Channel 13: In-channel treatment",0,1,"Herbaceous",24.125
212,"2015-11-01","Channel 13","Station 4 + 14.5 BAF","Baffle","Channel 13: In-channel treatment",0,1,"Woody",17.625
213,"2015-11-01","Channel 13","Station 4 + 36 ORD","One station dam","Channel 13: In-channel treatment",0,1,"Herbaceous",28.625
213,"2015-11-01","Channel 13","Station 4 + 36 ORD","One station dam","Channel 13: In-channel treatment",0,1,"Woody",13.375
214,"2015-11-01","Channel 13","Station 4 + 50 BAF","Baffle","Channel 13: In-channel treatment",0,1,"Herbaceous",28.5
214,"2015-11-01","Channel 13","Station 4 + 50 BAF","Baffle","Channel 13: In-channel treatment",0,1,"Woody",23.875
215,"2015-11-01","Channel 13","Station 4 + 78 ORD","One station dam","Channel 13: In-channel treatment",0,1,"Herbaceous",33.5
215,"2015-11-01","Channel 13","Station 4 + 78 ORD","One station dam","Channel 13: In-channel treatment",0,1,"Woody",42.5
216,"2015-11-01","Channel 19","Station 01 + 04","No treatment","Channel 19: Upland treatment",1,0,"Herbaceous",18.875
216,"2015-11-01","Channel 19","Station 01 + 04","No treatment","Channel 19: Upland treatment",1,0,"Woody",35.875
217,"2015-11-01","Channel 19","Station 02 + 04","No treatment","Channel 19: Upland treatment",1,0,"Herbaceous",8.375
217,"2015-11-01","Channel 19","Station 02 + 04","No treatment","Channel 19: Upland treatment",1,0,"Woody",9.5
218,"2015-11-01","Channel 19","Station 02 + 52","No treatment","Channel 19: Upland treatment",1,0,"Herbaceous",27.875
218,"2015-11-01","Channel 19","Station 02 + 52","No treatment","Channel 19: Upland treatment",1,0,"Woody",28.375
219,"2015-11-01","Channel 19","Station 03 + 63","No treatment","Channel 19: Upland treatment",1,0,"Herbaceous",11
219,"2015-11-01","Channel 19","Station 03 + 63","No treatment","Channel 19: Upland treatment",1,0,"Woody",45.25
220,"2015-11-01","Channel 19","Station 03 + 98","No treatment","Channel 19: Upland treatment",1,0,"Herbaceous",13.5
220,"2015-11-01","Channel 19","Station 03 + 98","No treatment","Channel 19: Upland treatment",1,0,"Woody",11.25
221,"2015-11-01","Channel 19","Station 05 + 00","No treatment","Channel 19: Upland treatment",1,0,"Herbaceous",13.875
221,"2015-11-01","Channel 19","Station 05 + 00","No treatment","Channel 19: Upland treatment",1,0,"Woody",0.25
222,"2015-11-01","Channel 19","Station 05 + 09","No treatment","Channel 19: Upland treatment",1,0,"Herbaceous",7.375
222,"2015-11-01","Channel 19","Station 05 + 09","No treatment","Channel 19: Upland treatment",1,0,"Woody",33.25
223,"2015-11-01","Channel 19","Station 05 + 62","No treatment","Channel 19: Upland treatment",1,0,"Herbaceous",7.6875
223,"2015-11-01","Channel 19","Station 05 + 62","No treatment","Channel 19: Upland treatment",1,0,"Woody",1.375
224,"2015-11-01","Channel 19","Station 06 + 13","No treatment","Channel 19: Upland treatment",1,0,"Herbaceous",16.75
224,"2015-11-01","Channel 19","Station 06 + 13","No treatment","Channel 19: Upland treatment",1,0,"Woody",0.625
225,"2015-11-01","Channel 19","Station 06 + 97","No treatment","Channel 19: Upland treatment",1,0,"Herbaceous",12.25
225,"2015-11-01","Channel 19","Station 06 + 97","No treatment","Channel 19: Upland treatment",1,0,"Woody",3.75
226,"2015-11-01","Channel 19","Station 07 + 30","No treatment","Channel 19: Upland treatment",1,0,"Herbaceous",1.875
226,"2015-11-01","Channel 19","Station 07 + 30","No treatment","Channel 19: Upland treatment",1,0,"Woody",4.375
227,"2015-11-01","Channel 19","Station 07 + 50","No treatment","Channel 19: Upland treatment",1,0,"Herbaceous",11.25
227,"2015-11-01","Channel 19","Station 07 + 50","No treatment","Channel 19: Upland treatment",1,0,"Woody",25.625
228,"2015-11-01","Channel 19","Station 07 + 97","No treatment","Channel 19: Upland treatment",1,0,"Herbaceous",13
228,"2015-11-01","Channel 19","Station 07 + 97","No treatment","Channel 19: Upland treatment",1,0,"Woody",3.75
229,"2015-11-01","Channel 19","Station 09 + 05","No treatment","Channel 19: Upland treatment",1,0,"Herbaceous",7.5
229,"2015-11-01","Channel 19","Station 09 + 05","No treatment","Channel 19: Upland treatment",1,0,"Woody",5
230,"2015-11-01","Channel 19","Station 09 + 26","No treatment","Channel 19: Upland treatment",1,0,"Herbaceous",11.25
230,"2015-11-01","Channel 19","Station 09 + 26","No treatment","Channel 19: Upland treatment",1,0,"Woody",4.875
231,"2015-11-01","Channel 19","Station 09 + 68","No treatment","Channel 19: Upland treatment",1,0,"Herbaceous",7.25
231,"2015-11-01","Channel 19","Station 09 + 68","No treatment","Channel 19: Upland treatment",1,0,"Woody",20.75
232,"2015-11-01","Channel 19","Station 10 + 98","No treatment","Channel 19: Upland treatment",1,0,"Herbaceous",4.25
232,"2015-11-01","Channel 19","Station 10 + 98","No treatment","Channel 19: Upland treatment",1,0,"Woody",16.375
233,"2015-11-01","Channel 21","Station 01 + 07.5 BAF","Baffle","Channel 21: In-channel treatment",0,1,"Herbaceous",14.75
233,"2015-11-01","Channel 21","Station 01 + 07.5 BAF","Baffle","Channel 21: In-channel treatment",0,1,"Woody",4.375
234,"2015-11-01","Channel 21","Station 01 + 49 ORD","One station dam","Channel 21: In-channel treatment",0,1,"Herbaceous",16.875
234,"2015-11-01","Channel 21","Station 01 + 49 ORD","One station dam","Channel 21: In-channel treatment",0,1,"Woody",0.125
235,"2015-11-01","Channel 21","Station 02 + 15 BAF","Baffle","Channel 21: In-channel treatment",0,1,"Herbaceous",10.125
236,"2015-11-01","Channel 21","Station 03 + 80 BAF","Baffle","Channel 21: In-channel treatment",0,1,"Herbaceous",8.875
237,"2015-11-01","Channel 21","Station 04 + 90 ORD","One station dam","Channel 21: In-channel treatment",0,1,"Herbaceous",11.25
237,"2015-11-01","Channel 21","Station 04 + 90 ORD","One station dam","Channel 21: In-channel treatment",0,1,"Woody",0.125
238,"2015-11-01","Channel 21","Station 06 + 36 BAF","Baffle","Channel 21: In-channel treatment",0,1,"Herbaceous",14.25
238,"2015-11-01","Channel 21","Station 06 + 36 BAF","Baffle","Channel 21: In-channel treatment",0,1,"Woody",13.125
239,"2015-11-01","Channel 21","Station 07 + 49.5 ORD","One station dam","Channel 21: In-channel treatment",0,1,"Herbaceous",3.625
239,"2015-11-01","Channel 21","Station 07 + 49.5 ORD","One station dam","Channel 21: In-channel treatment",0,1,"Woody",24.625
240,"2015-11-01","Channel 21","Station 07 + 66 BAF",NA,NA,NA,NA,NA,NA
241,"2015-11-01","Channel 21","Station 08 + 62 BAF","Baffle","Channel 21: In-channel treatment",0,1,"Herbaceous",15.625
241,"2015-11-01","Channel 21","Station 08 + 62 BAF","Baffle","Channel 21: In-channel treatment",0,1,"Woody",15.25
242,"2015-11-01","Channel 21","Station 09 + 99 ORD","One station dam","Channel 21: In-channel treatment",0,1,"Herbaceous",5.75
242,"2015-11-01","Channel 21","Station 09 + 99 ORD","One station dam","Channel 21: In-channel treatment",0,1,"Woody",0.75
243,"2015-11-01","Channel 21","Station 10 + 13 BAF","Baffle","Channel 21: In-channel treatment",0,1,"Herbaceous",7.5
243,"2015-11-01","Channel 21","Station 10 + 13 BAF","Baffle","Channel 21: In-channel treatment",0,1,"Woody",40.625
244,"2015-11-01","Channel 21","Station 11 + 12 ORD","One station dam","Channel 21: In-channel treatment",0,1,"Herbaceous",19.375
244,"2015-11-01","Channel 21","Station 11 + 12 ORD","One station dam","Channel 21: In-channel treatment",0,1,"Woody",7.625
245,"2015-11-01","Channel 21","Station 11 + 24 BAF","Baffle","Channel 21: In-channel treatment",0,1,"Herbaceous",9
245,"2015-11-01","Channel 21","Station 11 + 24 BAF","Baffle","Channel 21: In-channel treatment",0,1,"Woody",8.25
246,"2015-11-01","Channel 21","Station 11 + 63 ORD","One station dam","Channel 21: In-channel treatment",0,1,"Herbaceous",23.625
246,"2015-11-01","Channel 21","Station 11 + 63 ORD","One station dam","Channel 21: In-channel treatment",0,1,"Woody",24.5
247,"2015-11-01","Channel 21","Station 11 + 73 BAF","Baffle","Channel 21: In-channel treatment",0,1,"Herbaceous",10
247,"2015-11-01","Channel 21","Station 11 + 73 BAF","Baffle","Channel 21: In-channel treatment",0,1,"Woody",0.375
248,"2018-11-01","Channel 12","Station 1 + 04","No treatment","Channel 12: No treatment",0,0,"Herbaceous",16.875
248,"2018-11-01","Channel 12","Station 1 + 04","No treatment","Channel 12: No treatment",0,0,"Woody",5.75
249,"2018-11-01","Channel 12","Station 1 + 52","No treatment","Channel 12: No treatment",0,0,"Herbaceous",38.25
249,"2018-11-01","Channel 12","Station 1 + 52","No treatment","Channel 12: No treatment",0,0,"Woody",8.875
250,"2018-11-01","Channel 12","Station 1 + 83","No treatment","Channel 12: No treatment",0,0,"Herbaceous",29.125
250,"2018-11-01","Channel 12","Station 1 + 83","No treatment","Channel 12: No treatment",0,0,"Woody",49.125
251,"2018-11-01","Channel 12","Station 2 + 63","No treatment","Channel 12: No treatment",0,0,"Herbaceous",19
251,"2018-11-01","Channel 12","Station 2 + 63","No treatment","Channel 12: No treatment",0,0,"Woody",9.125
252,"2018-11-01","Channel 12","Station 2 + 98","No treatment","Channel 12: No treatment",0,0,"Herbaceous",19.25
252,"2018-11-01","Channel 12","Station 2 + 98","No treatment","Channel 12: No treatment",0,0,"Woody",60.75
253,"2018-11-01","Channel 12","Station 3 + 93","No treatment","Channel 12: No treatment",0,0,"Herbaceous",13.75
253,"2018-11-01","Channel 12","Station 3 + 93","No treatment","Channel 12: No treatment",0,0,"Woody",36.375
254,"2018-11-01","Channel 12","Station 4 + 00","No treatment","Channel 12: No treatment",0,0,"Herbaceous",25.625
254,"2018-11-01","Channel 12","Station 4 + 00","No treatment","Channel 12: No treatment",0,0,"Woody",43.75
255,"2018-11-01","Channel 12","Station 4 + 09","No treatment","Channel 12: No treatment",0,0,"Herbaceous",32
255,"2018-11-01","Channel 12","Station 4 + 09","No treatment","Channel 12: No treatment",0,0,"Woody",8.875
256,"2018-11-01","Channel 12","Station 4 + 56","No treatment","Channel 12: No treatment",0,0,"Herbaceous",23.375
256,"2018-11-01","Channel 12","Station 4 + 56","No treatment","Channel 12: No treatment",0,0,"Woody",25.625
257,"2018-11-01","Channel 12","Station 4 + 65","No treatment","Channel 12: No treatment",0,0,"Herbaceous",14.25
257,"2018-11-01","Channel 12","Station 4 + 65","No treatment","Channel 12: No treatment",0,0,"Woody",26.875
258,"2018-11-01","Channel 12","Station 5 + 13","No treatment","Channel 12: No treatment",0,0,"Herbaceous",35.5
258,"2018-11-01","Channel 12","Station 5 + 13","No treatment","Channel 12: No treatment",0,0,"Woody",10.125
259,"2018-11-01","Channel 12","Station 5 + 48","No treatment","Channel 12: No treatment",0,0,"Herbaceous",3.375
259,"2018-11-01","Channel 12","Station 5 + 48","No treatment","Channel 12: No treatment",0,0,"Woody",15
260,"2018-11-01","Channel 12","Station 6 + 30","No treatment","Channel 12: No treatment",0,0,"Herbaceous",4.125
260,"2018-11-01","Channel 12","Station 6 + 30","No treatment","Channel 12: No treatment",0,0,"Woody",54.75
261,"2018-11-01","Channel 12","Station 6 + 93","No treatment","Channel 12: No treatment",0,0,"Herbaceous",16.125
261,"2018-11-01","Channel 12","Station 6 + 93","No treatment","Channel 12: No treatment",0,0,"Woody",50.4375
262,"2018-11-01","Channel 13","Station 1 + 11.5 BAF","Baffle","Channel 13: In-channel treatment",0,1,"Herbaceous",7.5
262,"2018-11-01","Channel 13","Station 1 + 11.5 BAF","Baffle","Channel 13: In-channel treatment",0,1,"Woody",70.125
263,"2018-11-01","Channel 13","Station 1 + 38.5 ORD","One station dam","Channel 13: In-channel treatment",0,1,"Herbaceous",15.375
263,"2018-11-01","Channel 13","Station 1 + 38.5 ORD","One station dam","Channel 13: In-channel treatment",0,1,"Woody",74.375
264,"2018-11-01","Channel 13","Station 1 + 71 BAF","Baffle","Channel 13: In-channel treatment",0,1,"Herbaceous",29.875
264,"2018-11-01","Channel 13","Station 1 + 71 BAF","Baffle","Channel 13: In-channel treatment",0,1,"Woody",47.5
265,"2018-11-01","Channel 13","Station 1 + 77 ORD","One station dam","Channel 13: In-channel treatment",0,1,"Herbaceous",13.75
265,"2018-11-01","Channel 13","Station 1 + 77 ORD","One station dam","Channel 13: In-channel treatment",0,1,"Woody",56.25
266,"2018-11-01","Channel 13","Station 1 + 99 ORD","One station dam","Channel 13: In-channel treatment",0,1,"Herbaceous",23.3125
266,"2018-11-01","Channel 13","Station 1 + 99 ORD","One station dam","Channel 13: In-channel treatment",0,1,"Woody",35.625
267,"2018-11-01","Channel 13","Station 2 + 16 BAF","Baffle","Channel 13: In-channel treatment",0,1,"Herbaceous",6.375
267,"2018-11-01","Channel 13","Station 2 + 16 BAF","Baffle","Channel 13: In-channel treatment",0,1,"Woody",66.375
268,"2018-11-01","Channel 13","Station 2 + 57 ORD","One station dam","Channel 13: In-channel treatment",0,1,"Herbaceous",54.625
268,"2018-11-01","Channel 13","Station 2 + 57 ORD","One station dam","Channel 13: In-channel treatment",0,1,"Woody",13.25
269,"2018-11-01","Channel 13","Station 2 + 67 BAF","Baffle","Channel 13: In-channel treatment",0,1,"Herbaceous",43.125
269,"2018-11-01","Channel 13","Station 2 + 67 BAF","Baffle","Channel 13: In-channel treatment",0,1,"Woody",32.625
270,"2018-11-01","Channel 13","Station 3 + 09 ORD","One station dam","Channel 13: In-channel treatment",0,1,"Herbaceous",12.25
270,"2018-11-01","Channel 13","Station 3 + 09 ORD","One station dam","Channel 13: In-channel treatment",0,1,"Woody",97.625
271,"2018-11-01","Channel 13","Station 3 + 31 BAF","Baffle","Channel 13: In-channel treatment",0,1,"Herbaceous",37
271,"2018-11-01","Channel 13","Station 3 + 31 BAF","Baffle","Channel 13: In-channel treatment",0,1,"Woody",29.375
272,"2018-11-01","Channel 13","Station 3 + 65 ORD","One station dam","Channel 13: In-channel treatment",0,1,"Herbaceous",8.25
272,"2018-11-01","Channel 13","Station 3 + 65 ORD","One station dam","Channel 13: In-channel treatment",0,1,"Woody",54.375
273,"2018-11-01","Channel 13","Station 3 + 95.5 ORD","One station dam","Channel 13: In-channel treatment",0,1,"Herbaceous",31.875
273,"2018-11-01","Channel 13","Station 3 + 95.5 ORD","One station dam","Channel 13: In-channel treatment",0,1,"Woody",23.75
274,"2018-11-01","Channel 13","Station 4 + 14.5 BAF","Baffle","Channel 13: In-channel treatment",0,1,"Herbaceous",42.625
274,"2018-11-01","Channel 13","Station 4 + 14.5 BAF","Baffle","Channel 13: In-channel treatment",0,1,"Woody",13.75
275,"2018-11-01","Channel 13","Station 4 + 36 ORD","One station dam","Channel 13: In-channel treatment",0,1,"Herbaceous",60.75
275,"2018-11-01","Channel 13","Station 4 + 36 ORD","One station dam","Channel 13: In-channel treatment",0,1,"Woody",21.5
276,"2018-11-01","Channel 13","Station 4 + 50 BAF","Baffle","Channel 13: In-channel treatment",0,1,"Herbaceous",46
276,"2018-11-01","Channel 13","Station 4 + 50 BAF","Baffle","Channel 13: In-channel treatment",0,1,"Woody",77.5
277,"2018-11-01","Channel 13","Station 4 + 78 ORD","One station dam","Channel 13: In-channel treatment",0,1,"Herbaceous",54.375
277,"2018-11-01","Channel 13","Station 4 + 78 ORD","One station dam","Channel 13: In-channel treatment",0,1,"Woody",13.125
278,"2018-11-01","Channel 19","Station 01 + 04","No treatment","Channel 19: Upland treatment",1,0,"Herbaceous",6.125
278,"2018-11-01","Channel 19","Station 01 + 04","No treatment","Channel 19: Upland treatment",1,0,"Woody",98.25
279,"2018-11-01","Channel 19","Station 02 + 04","No treatment","Channel 19: Upland treatment",1,0,"Herbaceous",8.0625
279,"2018-11-01","Channel 19","Station 02 + 04","No treatment","Channel 19: Upland treatment",1,0,"Woody",0.625
280,"2018-11-01","Channel 19","Station 02 + 52","No treatment","Channel 19: Upland treatment",1,0,"Herbaceous",44.5625
280,"2018-11-01","Channel 19","Station 02 + 52","No treatment","Channel 19: Upland treatment",1,0,"Woody",16.875
281,"2018-11-01","Channel 19","Station 03 + 63","No treatment","Channel 19: Upland treatment",1,0,"Herbaceous",19.25
281,"2018-11-01","Channel 19","Station 03 + 63","No treatment","Channel 19: Upland treatment",1,0,"Woody",18.25
282,"2018-11-01","Channel 19","Station 03 + 98","No treatment","Channel 19: Upland treatment",1,0,"Herbaceous",33.25
282,"2018-11-01","Channel 19","Station 03 + 98","No treatment","Channel 19: Upland treatment",1,0,"Woody",27
283,"2018-11-01","Channel 19","Station 05 + 00","No treatment","Channel 19: Upland treatment",1,0,"Herbaceous",34.25
283,"2018-11-01","Channel 19","Station 05 + 00","No treatment","Channel 19: Upland treatment",1,0,"Woody",1.5
284,"2018-11-01","Channel 19","Station 05 + 09","No treatment","Channel 19: Upland treatment",1,0,"Herbaceous",14
284,"2018-11-01","Channel 19","Station 05 + 09","No treatment","Channel 19: Upland treatment",1,0,"Woody",74.375
285,"2018-11-01","Channel 19","Station 05 + 62","No treatment","Channel 19: Upland treatment",1,0,"Herbaceous",22.3125
286,"2018-11-01","Channel 19","Station 06 + 13","No treatment","Channel 19: Upland treatment",1,0,"Herbaceous",19.75
286,"2018-11-01","Channel 19","Station 06 + 13","No treatment","Channel 19: Upland treatment",1,0,"Woody",3.875
287,"2018-11-01","Channel 19","Station 06 + 97","No treatment","Channel 19: Upland treatment",1,0,"Herbaceous",1.625
287,"2018-11-01","Channel 19","Station 06 + 97","No treatment","Channel 19: Upland treatment",1,0,"Woody",46.25
288,"2018-11-01","Channel 19","Station 07 + 30","No treatment","Channel 19: Upland treatment",1,0,"Herbaceous",12.375
288,"2018-11-01","Channel 19","Station 07 + 30","No treatment","Channel 19: Upland treatment",1,0,"Woody",21.875
289,"2018-11-01","Channel 19","Station 07 + 50","No treatment","Channel 19: Upland treatment",1,0,"Herbaceous",15.375
289,"2018-11-01","Channel 19","Station 07 + 50","No treatment","Channel 19: Upland treatment",1,0,"Woody",9.375
290,"2018-11-01","Channel 19","Station 07 + 97","No treatment","Channel 19: Upland treatment",1,0,"Herbaceous",20.25
290,"2018-11-01","Channel 19","Station 07 + 97","No treatment","Channel 19: Upland treatment",1,0,"Woody",4.5
291,"2018-11-01","Channel 19","Station 09 + 05","No treatment","Channel 19: Upland treatment",1,0,"Herbaceous",22.375
291,"2018-11-01","Channel 19","Station 09 + 05","No treatment","Channel 19: Upland treatment",1,0,"Woody",18.875
292,"2018-11-01","Channel 19","Station 09 + 26","No treatment","Channel 19: Upland treatment",1,0,"Herbaceous",13.25
292,"2018-11-01","Channel 19","Station 09 + 26","No treatment","Channel 19: Upland treatment",1,0,"Woody",14.375
293,"2018-11-01","Channel 19","Station 09 + 68","No treatment","Channel 19: Upland treatment",1,0,"Herbaceous",28.375
293,"2018-11-01","Channel 19","Station 09 + 68","No treatment","Channel 19: Upland treatment",1,0,"Woody",25.625
294,"2018-11-01","Channel 19","Station 10 + 98","No treatment","Channel 19: Upland treatment",1,0,"Herbaceous",11
294,"2018-11-01","Channel 19","Station 10 + 98","No treatment","Channel 19: Upland treatment",1,0,"Woody",25
295,"2018-11-01","Channel 21","Station 01 + 07.5 BAF","Baffle","Channel 21: In-channel treatment",0,1,"Herbaceous",36
295,"2018-11-01","Channel 21","Station 01 + 07.5 BAF","Baffle","Channel 21: In-channel treatment",0,1,"Woody",3.75
296,"2018-11-01","Channel 21","Station 01 + 49 ORD","One station dam","Channel 21: In-channel treatment",0,1,"Herbaceous",20.25
296,"2018-11-01","Channel 21","Station 01 + 49 ORD","One station dam","Channel 21: In-channel treatment",0,1,"Woody",17
297,"2018-11-01","Channel 21","Station 02 + 15 BAF","Baffle","Channel 21: In-channel treatment",0,1,"Herbaceous",9.5
298,"2018-11-01","Channel 21","Station 03 + 80 BAF","Baffle","Channel 21: In-channel treatment",0,1,"Herbaceous",31.875
298,"2018-11-01","Channel 21","Station 03 + 80 BAF","Baffle","Channel 21: In-channel treatment",0,1,"Woody",0.125
299,"2018-11-01","Channel 21","Station 04 + 90 ORD","One station dam","Channel 21: In-channel treatment",0,1,"Herbaceous",13.625
300,"2018-11-01","Channel 21","Station 06 + 36 BAF","Baffle","Channel 21: In-channel treatment",0,1,"Herbaceous",9.125
300,"2018-11-01","Channel 21","Station 06 + 36 BAF","Baffle","Channel 21: In-channel treatment",0,1,"Woody",10
301,"2018-11-01","Channel 21","Station 07 + 49.5 ORD","One station dam","Channel 21: In-channel treatment",0,1,"Herbaceous",13.75
301,"2018-11-01","Channel 21","Station 07 + 49.5 ORD","One station dam","Channel 21: In-channel treatment",0,1,"Woody",28.875
302,"2018-11-01","Channel 21","Station 07 + 66 BAF","Baffle","Channel 21: In-channel treatment",0,1,"Herbaceous",2.375
303,"2018-11-01","Channel 21","Station 08 + 62 BAF","Baffle","Channel 21: In-channel treatment",0,1,"Herbaceous",20.375
303,"2018-11-01","Channel 21","Station 08 + 62 BAF","Baffle","Channel 21: In-channel treatment",0,1,"Woody",18.375
304,"2018-11-01","Channel 21","Station 09 + 99 ORD","One station dam","Channel 21: In-channel treatment",0,1,"Herbaceous",7
304,"2018-11-01","Channel 21","Station 09 + 99 ORD","One station dam","Channel 21: In-channel treatment",0,1,"Woody",0.75
305,"2018-11-01","Channel 21","Station 10 + 13 BAF","Baffle","Channel 21: In-channel treatment",0,1,"Herbaceous",12.375
305,"2018-11-01","Channel 21","Station 10 + 13 BAF","Baffle","Channel 21: In-channel treatment",0,1,"Woody",25.25
306,"2018-11-01","Channel 21","Station 11 + 12 ORD","One station dam","Channel 21: In-channel treatment",0,1,"Herbaceous",30
306,"2018-11-01","Channel 21","Station 11 + 12 ORD","One station dam","Channel 21: In-channel treatment",0,1,"Woody",18.125
307,"2018-11-01","Channel 21","Station 11 + 24 BAF","Baffle","Channel 21: In-channel treatment",0,1,"Herbaceous",18.625
307,"2018-11-01","Channel 21","Station 11 + 24 BAF","Baffle","Channel 21: In-channel treatment",0,1,"Woody",7.625
308,"2018-11-01","Channel 21","Station 11 + 63 ORD","One station dam","Channel 21: In-channel treatment",0,1,"Herbaceous",29.875
308,"2018-11-01","Channel 21","Station 11 + 63 ORD","One station dam","Channel 21: In-channel treatment",0,1,"Woody",9.625
309,"2018-11-01","Channel 21","Station 11 + 73 BAF","Baffle","Channel 21: In-channel treatment",0,1,"Herbaceous",17.375
309,"2018-11-01","Channel 21","Station 11 + 73 BAF","Baffle","Channel 21: In-channel treatment",0,1,"Woody",0.5
310,"2021-11-01","Channel 12","Station 1 + 04","No treatment","Channel 12: No treatment",0,0,"Herbaceous",22.25
310,"2021-11-01","Channel 12","Station 1 + 04","No treatment","Channel 12: No treatment",0,0,"Woody",12.5
311,"2021-11-01","Channel 12","Station 1 + 52","No treatment","Channel 12: No treatment",0,0,"Herbaceous",26.875
311,"2021-11-01","Channel 12","Station 1 + 52","No treatment","Channel 12: No treatment",0,0,"Woody",10.75
312,"2021-11-01","Channel 12","Station 1 + 83","No treatment","Channel 12: No treatment",0,0,"Herbaceous",10.375
312,"2021-11-01","Channel 12","Station 1 + 83","No treatment","Channel 12: No treatment",0,0,"Woody",53.25
313,"2021-11-01","Channel 12","Station 2 + 63","No treatment","Channel 12: No treatment",0,0,"Herbaceous",6.25
313,"2021-11-01","Channel 12","Station 2 + 63","No treatment","Channel 12: No treatment",0,0,"Woody",28.875
314,"2021-11-01","Channel 12","Station 2 + 98","No treatment","Channel 12: No treatment",0,0,"Herbaceous",28.25
314,"2021-11-01","Channel 12","Station 2 + 98","No treatment","Channel 12: No treatment",0,0,"Woody",38.875
315,"2021-11-01","Channel 12","Station 3 + 93","No treatment","Channel 12: No treatment",0,0,"Herbaceous",25.875
315,"2021-11-01","Channel 12","Station 3 + 93","No treatment","Channel 12: No treatment",0,0,"Woody",62.75
316,"2021-11-01","Channel 12","Station 4 + 00","No treatment","Channel 12: No treatment",0,0,"Herbaceous",19.1875
316,"2021-11-01","Channel 12","Station 4 + 00","No treatment","Channel 12: No treatment",0,0,"Woody",77.5
317,"2021-11-01","Channel 12","Station 4 + 09","No treatment","Channel 12: No treatment",0,0,"Herbaceous",14.375
317,"2021-11-01","Channel 12","Station 4 + 09","No treatment","Channel 12: No treatment",0,0,"Woody",8.875
318,"2021-11-01","Channel 12","Station 4 + 56","No treatment","Channel 12: No treatment",0,0,"Herbaceous",16.875
318,"2021-11-01","Channel 12","Station 4 + 56","No treatment","Channel 12: No treatment",0,0,"Woody",32.5
319,"2021-11-01","Channel 12","Station 4 + 65","No treatment","Channel 12: No treatment",0,0,"Herbaceous",14.375
319,"2021-11-01","Channel 12","Station 4 + 65","No treatment","Channel 12: No treatment",0,0,"Woody",32
320,"2021-11-01","Channel 12","Station 5 + 13","No treatment","Channel 12: No treatment",0,0,"Herbaceous",15.625
320,"2021-11-01","Channel 12","Station 5 + 13","No treatment","Channel 12: No treatment",0,0,"Woody",20.625
321,"2021-11-01","Channel 12","Station 5 + 48","No treatment","Channel 12: No treatment",0,0,"Herbaceous",7.875
321,"2021-11-01","Channel 12","Station 5 + 48","No treatment","Channel 12: No treatment",0,0,"Woody",36.875
322,"2021-11-01","Channel 12","Station 6 + 30","No treatment","Channel 12: No treatment",0,0,"Herbaceous",8.375
322,"2021-11-01","Channel 12","Station 6 + 30","No treatment","Channel 12: No treatment",0,0,"Woody",35
323,"2021-11-01","Channel 12","Station 6 + 93","No treatment","Channel 12: No treatment",0,0,"Herbaceous",11.875
323,"2021-11-01","Channel 12","Station 6 + 93","No treatment","Channel 12: No treatment",0,0,"Woody",71.875
324,"2021-11-01","Channel 13","Station 1 + 11.5 BAF","Baffle","Channel 13: In-channel treatment",0,1,"Herbaceous",3.5
324,"2021-11-01","Channel 13","Station 1 + 11.5 BAF","Baffle","Channel 13: In-channel treatment",0,1,"Woody",82
325,"2021-11-01","Channel 13","Station 1 + 38.5 ORD","One station dam","Channel 13: In-channel treatment",0,1,"Herbaceous",23.125
325,"2021-11-01","Channel 13","Station 1 + 38.5 ORD","One station dam","Channel 13: In-channel treatment",0,1,"Woody",50.125
326,"2021-11-01","Channel 13","Station 1 + 71 BAF","Baffle","Channel 13: In-channel treatment",0,1,"Herbaceous",10
326,"2021-11-01","Channel 13","Station 1 + 71 BAF","Baffle","Channel 13: In-channel treatment",0,1,"Woody",58.75
327,"2021-11-01","Channel 13","Station 1 + 77 ORD","One station dam","Channel 13: In-channel treatment",0,1,"Herbaceous",9.1
327,"2021-11-01","Channel 13","Station 1 + 77 ORD","One station dam","Channel 13: In-channel treatment",0,1,"Woody",18.5
328,"2021-11-01","Channel 13","Station 1 + 99 ORD","One station dam","Channel 13: In-channel treatment",0,1,"Herbaceous",30.75
328,"2021-11-01","Channel 13","Station 1 + 99 ORD","One station dam","Channel 13: In-channel treatment",0,1,"Woody",10.125
329,"2021-11-01","Channel 13","Station 2 + 16 BAF","Baffle","Channel 13: In-channel treatment",0,1,"Herbaceous",8.375
329,"2021-11-01","Channel 13","Station 2 + 16 BAF","Baffle","Channel 13: In-channel treatment",0,1,"Woody",105.75
330,"2021-11-01","Channel 13","Station 2 + 57 ORD","One station dam","Channel 13: In-channel treatment",0,1,"Herbaceous",30
330,"2021-11-01","Channel 13","Station 2 + 57 ORD","One station dam","Channel 13: In-channel treatment",0,1,"Woody",10.125
331,"2021-11-01","Channel 13","Station 2 + 67 BAF","Baffle","Channel 13: In-channel treatment",0,1,"Herbaceous",7.375
331,"2021-11-01","Channel 13","Station 2 + 67 BAF","Baffle","Channel 13: In-channel treatment",0,1,"Woody",105.75
332,"2021-11-01","Channel 13","Station 3 + 09 ORD","One station dam","Channel 13: In-channel treatment",0,1,"Herbaceous",5.875
333,"2021-11-01","Channel 13","Station 3 + 31 BAF","Baffle","Channel 13: In-channel treatment",0,1,"Herbaceous",32.5
333,"2021-11-01","Channel 13","Station 3 + 31 BAF","Baffle","Channel 13: In-channel treatment",0,1,"Woody",35
334,"2021-11-01","Channel 13","Station 3 + 65 ORD","One station dam","Channel 13: In-channel treatment",0,1,"Herbaceous",43.875
334,"2021-11-01","Channel 13","Station 3 + 65 ORD","One station dam","Channel 13: In-channel treatment",0,1,"Woody",54
335,"2021-11-01","Channel 13","Station 3 + 95.5 ORD","One station dam","Channel 13: In-channel treatment",0,1,"Herbaceous",44.25
335,"2021-11-01","Channel 13","Station 3 + 95.5 ORD","One station dam","Channel 13: In-channel treatment",0,1,"Woody",20.75
336,"2021-11-01","Channel 13","Station 4 + 14.5 BAF","Baffle","Channel 13: In-channel treatment",0,1,"Herbaceous",44.625
336,"2021-11-01","Channel 13","Station 4 + 14.5 BAF","Baffle","Channel 13: In-channel treatment",0,1,"Woody",27.5
337,"2021-11-01","Channel 13","Station 4 + 36 ORD","One station dam","Channel 13: In-channel treatment",0,1,"Herbaceous",52.875
337,"2021-11-01","Channel 13","Station 4 + 36 ORD","One station dam","Channel 13: In-channel treatment",0,1,"Woody",12.875
338,"2021-11-01","Channel 13","Station 4 + 50 BAF","Baffle","Channel 13: In-channel treatment",0,1,"Herbaceous",39.125
338,"2021-11-01","Channel 13","Station 4 + 50 BAF","Baffle","Channel 13: In-channel treatment",0,1,"Woody",43.125
339,"2021-11-01","Channel 13","Station 4 + 78 ORD","One station dam","Channel 13: In-channel treatment",0,1,"Herbaceous",22.75
339,"2021-11-01","Channel 13","Station 4 + 78 ORD","One station dam","Channel 13: In-channel treatment",0,1,"Woody",28.75
340,"2021-11-01","Channel 19","Station 01 + 04","No treatment","Channel 19: Upland treatment",1,0,"Herbaceous",10.875
340,"2021-11-01","Channel 19","Station 01 + 04","No treatment","Channel 19: Upland treatment",1,0,"Woody",37
341,"2021-11-01","Channel 19","Station 02 + 04","No treatment","Channel 19: Upland treatment",1,0,"Herbaceous",8.6875
341,"2021-11-01","Channel 19","Station 02 + 04","No treatment","Channel 19: Upland treatment",1,0,"Woody",27.75
342,"2021-11-01","Channel 19","Station 02 + 52","No treatment","Channel 19: Upland treatment",1,0,"Herbaceous",67
342,"2021-11-01","Channel 19","Station 02 + 52","No treatment","Channel 19: Upland treatment",1,0,"Woody",62.5
343,"2021-11-01","Channel 19","Station 03 + 63","No treatment","Channel 19: Upland treatment",1,0,"Herbaceous",17.375
343,"2021-11-01","Channel 19","Station 03 + 63","No treatment","Channel 19: Upland treatment",1,0,"Woody",96.375
344,"2021-11-01","Channel 19","Station 03 + 98","No treatment","Channel 19: Upland treatment",1,0,"Herbaceous",28.75
344,"2021-11-01","Channel 19","Station 03 + 98","No treatment","Channel 19: Upland treatment",1,0,"Woody",8.125
345,"2021-11-01","Channel 19","Station 05 + 00","No treatment","Channel 19: Upland treatment",1,0,"Herbaceous",62.25
345,"2021-11-01","Channel 19","Station 05 + 00","No treatment","Channel 19: Upland treatment",1,0,"Woody",17
346,"2021-11-01","Channel 19","Station 05 + 09","No treatment","Channel 19: Upland treatment",1,0,"Herbaceous",10.125
346,"2021-11-01","Channel 19","Station 05 + 09","No treatment","Channel 19: Upland treatment",1,0,"Woody",86.25
347,"2021-11-01","Channel 19","Station 05 + 62","No treatment","Channel 19: Upland treatment",1,0,"Herbaceous",29.25
347,"2021-11-01","Channel 19","Station 05 + 62","No treatment","Channel 19: Upland treatment",1,0,"Woody",3.75
348,"2021-11-01","Channel 19","Station 06 + 13","No treatment","Channel 19: Upland treatment",1,0,"Herbaceous",20.25
349,"2021-11-01","Channel 19","Station 06 + 97","No treatment","Channel 19: Upland treatment",1,0,"Herbaceous",38.125
349,"2021-11-01","Channel 19","Station 06 + 97","No treatment","Channel 19: Upland treatment",1,0,"Woody",34.375
350,"2021-11-01","Channel 19","Station 07 + 30","No treatment","Channel 19: Upland treatment",1,0,"Herbaceous",41.875
350,"2021-11-01","Channel 19","Station 07 + 30","No treatment","Channel 19: Upland treatment",1,0,"Woody",13.125
351,"2021-11-01","Channel 19","Station 07 + 50","No treatment","Channel 19: Upland treatment",1,0,"Herbaceous",28.5
351,"2021-11-01","Channel 19","Station 07 + 50","No treatment","Channel 19: Upland treatment",1,0,"Woody",58.75
352,"2021-11-01","Channel 19","Station 07 + 97","No treatment","Channel 19: Upland treatment",1,0,"Herbaceous",51.5
352,"2021-11-01","Channel 19","Station 07 + 97","No treatment","Channel 19: Upland treatment",1,0,"Woody",4
353,"2021-11-01","Channel 19","Station 09 + 05","No treatment","Channel 19: Upland treatment",1,0,"Herbaceous",46.875
353,"2021-11-01","Channel 19","Station 09 + 05","No treatment","Channel 19: Upland treatment",1,0,"Woody",28.125
354,"2021-11-01","Channel 19","Station 09 + 26","No treatment","Channel 19: Upland treatment",1,0,"Herbaceous",37.375
354,"2021-11-01","Channel 19","Station 09 + 26","No treatment","Channel 19: Upland treatment",1,0,"Woody",39.375
355,"2021-11-01","Channel 19","Station 09 + 68","No treatment","Channel 19: Upland treatment",1,0,"Herbaceous",54
355,"2021-11-01","Channel 19","Station 09 + 68","No treatment","Channel 19: Upland treatment",1,0,"Woody",48.875
356,"2021-11-01","Channel 19","Station 10 + 98","No treatment","Channel 19: Upland treatment",1,0,"Herbaceous",49.125
356,"2021-11-01","Channel 19","Station 10 + 98","No treatment","Channel 19: Upland treatment",1,0,"Woody",31.25
357,"2021-11-01","Channel 21","Station 01 + 07.5 BAF","Baffle","Channel 21: In-channel treatment",0,1,"Herbaceous",27.375
357,"2021-11-01","Channel 21","Station 01 + 07.5 BAF","Baffle","Channel 21: In-channel treatment",0,1,"Woody",3.75
358,"2021-11-01","Channel 21","Station 01 + 49 ORD","One station dam","Channel 21: In-channel treatment",0,1,"Herbaceous",14.5
358,"2021-11-01","Channel 21","Station 01 + 49 ORD","One station dam","Channel 21: In-channel treatment",0,1,"Woody",68.125
359,"2021-11-01","Channel 21","Station 02 + 15 BAF","Baffle","Channel 21: In-channel treatment",0,1,"Herbaceous",2.125
359,"2021-11-01","Channel 21","Station 02 + 15 BAF","Baffle","Channel 21: In-channel treatment",0,1,"Woody",0.125
360,"2021-11-01","Channel 21","Station 03 + 80 BAF","Baffle","Channel 21: In-channel treatment",0,1,"Herbaceous",23.375
360,"2021-11-01","Channel 21","Station 03 + 80 BAF","Baffle","Channel 21: In-channel treatment",0,1,"Woody",0.625
361,"2021-11-01","Channel 21","Station 04 + 90 ORD","One station dam","Channel 21: In-channel treatment",0,1,"Herbaceous",7.375
362,"2021-11-01","Channel 21","Station 06 + 36 BAF","Baffle","Channel 21: In-channel treatment",0,1,"Herbaceous",13.875
362,"2021-11-01","Channel 21","Station 06 + 36 BAF","Baffle","Channel 21: In-channel treatment",0,1,"Woody",0.875
363,"2021-11-01","Channel 21","Station 07 + 49.5 ORD","One station dam","Channel 21: In-channel treatment",0,1,"Herbaceous",17.125
363,"2021-11-01","Channel 21","Station 07 + 49.5 ORD","One station dam","Channel 21: In-channel treatment",0,1,"Woody",13.125
364,"2021-11-01","Channel 21","Station 07 + 66 BAF","Baffle","Channel 21: In-channel treatment",0,1,"Herbaceous",6.25
365,"2021-11-01","Channel 21","Station 08 + 62 BAF","Baffle","Channel 21: In-channel treatment",0,1,"Herbaceous",19
365,"2021-11-01","Channel 21","Station 08 + 62 BAF","Baffle","Channel 21: In-channel treatment",0,1,"Woody",10.125
366,"2021-11-01","Channel 21","Station 09 + 99 ORD","One station dam","Channel 21: In-channel treatment",0,1,"Herbaceous",18.125
366,"2021-11-01","Channel 21","Station 09 + 99 ORD","One station dam","Channel 21: In-channel treatment",0,1,"Woody",1.375
367,"2021-11-01","Channel 21","Station 10 + 13 BAF","Baffle","Channel 21: In-channel treatment",0,1,"Herbaceous",8.5
367,"2021-11-01","Channel 21","Station 10 + 13 BAF","Baffle","Channel 21: In-channel treatment",0,1,"Woody",10.875
368,"2021-11-01","Channel 21","Station 11 + 12 ORD","One station dam","Channel 21: In-channel treatment",0,1,"Herbaceous",19.75
368,"2021-11-01","Channel 21","Station 11 + 12 ORD","One station dam","Channel 21: In-channel treatment",0,1,"Woody",13.25
369,"2021-11-01","Channel 21","Station 11 + 24 BAF","Baffle","Channel 21: In-channel treatment",0,1,"Herbaceous",16.875
369,"2021-11-01","Channel 21","Station 11 + 24 BAF","Baffle","Channel 21: In-channel treatment",0,1,"Woody",5
370,"2021-11-01","Channel 21","Station 11 + 63 ORD","One station dam","Channel 21: In-channel treatment",0,1,"Herbaceous",24.75
370,"2021-11-01","Channel 21","Station 11 + 63 ORD","One station dam","Channel 21: In-channel treatment",0,1,"Woody",40.625
371,"2021-11-01","Channel 21","Station 11 + 73 BAF","Baffle","Channel 21: In-channel treatment",0,1,"Herbaceous",47.5
371,"2021-11-01","Channel 21","Station 11 + 73 BAF","Baffle","Channel 21: In-channel treatment",0,1,"Woody",5
372,"2012-03-01","Channel 12","Station 1 + 04",NA,NA,NA,NA,NA,NA
373,"2012-03-01","Channel 12","Station 1 + 52",NA,NA,NA,NA,NA,NA
374,"2012-03-01","Channel 12","Station 1 + 83",NA,NA,NA,NA,NA,NA
375,"2012-03-01","Channel 12","Station 2 + 63",NA,NA,NA,NA,NA,NA
376,"2012-03-01","Channel 12","Station 2 + 98",NA,NA,NA,NA,NA,NA
377,"2012-03-01","Channel 12","Station 3 + 93",NA,NA,NA,NA,NA,NA
378,"2012-03-01","Channel 12","Station 4 + 00","No treatment","Channel 12: No treatment",0,0,"Woody",14.1666666666667
379,"2012-03-01","Channel 12","Station 4 + 09",NA,NA,NA,NA,NA,NA
380,"2012-03-01","Channel 12","Station 4 + 56",NA,NA,NA,NA,NA,NA
381,"2012-03-01","Channel 12","Station 4 + 65",NA,NA,NA,NA,NA,NA
382,"2012-03-01","Channel 12","Station 5 + 13",NA,NA,NA,NA,NA,NA
383,"2012-03-01","Channel 12","Station 5 + 48",NA,NA,NA,NA,NA,NA
384,"2012-03-01","Channel 12","Station 6 + 30",NA,NA,NA,NA,NA,NA
385,"2012-03-01","Channel 12","Station 6 + 93",NA,NA,NA,NA,NA,NA
386,"2012-03-01","Channel 13","Station 1 + 11.5 BAF","Baffle","Channel 13: In-channel treatment",0,1,"Herbaceous",0.166666666666667
386,"2012-03-01","Channel 13","Station 1 + 11.5 BAF","Baffle","Channel 13: In-channel treatment",0,1,"Woody",66.75
387,"2012-03-01","Channel 13","Station 1 + 38.5 ORD","One station dam","Channel 13: In-channel treatment",0,1,"Herbaceous",0.25
387,"2012-03-01","Channel 13","Station 1 + 38.5 ORD","One station dam","Channel 13: In-channel treatment",0,1,"Woody",50.9166666666667
388,"2012-03-01","Channel 13","Station 1 + 71 BAF","Baffle","Channel 13: In-channel treatment",0,1,"Herbaceous",2
388,"2012-03-01","Channel 13","Station 1 + 71 BAF","Baffle","Channel 13: In-channel treatment",0,1,"Woody",42.5
389,"2012-03-01","Channel 13","Station 1 + 77 ORD","One station dam","Channel 13: In-channel treatment",0,1,"Herbaceous",0.833333333333333
389,"2012-03-01","Channel 13","Station 1 + 77 ORD","One station dam","Channel 13: In-channel treatment",0,1,"Woody",43
390,"2012-03-01","Channel 13","Station 1 + 99 ORD","One station dam","Channel 13: In-channel treatment",0,1,"Herbaceous",3.41666666666667
390,"2012-03-01","Channel 13","Station 1 + 99 ORD","One station dam","Channel 13: In-channel treatment",0,1,"Woody",23.3333333333333
391,"2012-03-01","Channel 13","Station 2 + 16 BAF","Baffle","Channel 13: In-channel treatment",0,1,"Herbaceous",1.08333333333333
391,"2012-03-01","Channel 13","Station 2 + 16 BAF","Baffle","Channel 13: In-channel treatment",0,1,"Woody",53.9166666666667
392,"2012-03-01","Channel 13","Station 2 + 57 ORD","One station dam","Channel 13: In-channel treatment",0,1,"Herbaceous",4.33333333333333
392,"2012-03-01","Channel 13","Station 2 + 57 ORD","One station dam","Channel 13: In-channel treatment",0,1,"Woody",3.08333333333333
393,"2012-03-01","Channel 13","Station 2 + 67 BAF","Baffle","Channel 13: In-channel treatment",0,1,"Herbaceous",3.25
393,"2012-03-01","Channel 13","Station 2 + 67 BAF","Baffle","Channel 13: In-channel treatment",0,1,"Woody",26.9166666666667
394,"2012-03-01","Channel 13","Station 3 + 09 ORD","One station dam","Channel 13: In-channel treatment",0,1,"Herbaceous",7.83333333333333
394,"2012-03-01","Channel 13","Station 3 + 09 ORD","One station dam","Channel 13: In-channel treatment",0,1,"Woody",83
395,"2012-03-01","Channel 13","Station 3 + 31 BAF","Baffle","Channel 13: In-channel treatment",0,1,"Herbaceous",1.75
395,"2012-03-01","Channel 13","Station 3 + 31 BAF","Baffle","Channel 13: In-channel treatment",0,1,"Woody",33
396,"2012-03-01","Channel 13","Station 3 + 65 ORD","One station dam","Channel 13: In-channel treatment",0,1,"Herbaceous",1.83333333333333
396,"2012-03-01","Channel 13","Station 3 + 65 ORD","One station dam","Channel 13: In-channel treatment",0,1,"Woody",48.9166666666667
397,"2012-03-01","Channel 13","Station 3 + 95.5 ORD","One station dam","Channel 13: In-channel treatment",0,1,"Herbaceous",2.66666666666667
397,"2012-03-01","Channel 13","Station 3 + 95.5 ORD","One station dam","Channel 13: In-channel treatment",0,1,"Woody",17.5
398,"2012-03-01","Channel 13","Station 4 + 14.5 BAF","Baffle","Channel 13: In-channel treatment",0,1,"Herbaceous",11.4166666666667
398,"2012-03-01","Channel 13","Station 4 + 14.5 BAF","Baffle","Channel 13: In-channel treatment",0,1,"Woody",18.8333333333333
399,"2012-03-01","Channel 13","Station 4 + 36 ORD","One station dam","Channel 13: In-channel treatment",0,1,"Herbaceous",5.33333333333333
399,"2012-03-01","Channel 13","Station 4 + 36 ORD","One station dam","Channel 13: In-channel treatment",0,1,"Woody",43.3333333333333
400,"2012-03-01","Channel 13","Station 4 + 50 BAF","Baffle","Channel 13: In-channel treatment",0,1,"Herbaceous",2.83333333333333
400,"2012-03-01","Channel 13","Station 4 + 50 BAF","Baffle","Channel 13: In-channel treatment",0,1,"Woody",66
401,"2012-03-01","Channel 13","Station 4 + 78 ORD","One station dam","Channel 13: In-channel treatment",0,1,"Herbaceous",7.75
401,"2012-03-01","Channel 13","Station 4 + 78 ORD","One station dam","Channel 13: In-channel treatment",0,1,"Woody",26.75
402,"2012-03-01","Channel 19","Station 01 + 04","No treatment","Channel 19: Upland treatment",1,0,"Herbaceous",5.5
402,"2012-03-01","Channel 19","Station 01 + 04","No treatment","Channel 19: Upland treatment",1,0,"Woody",13.5
403,"2012-03-01","Channel 19","Station 02 + 04",NA,NA,NA,NA,NA,NA
404,"2012-03-01","Channel 19","Station 02 + 52","No treatment","Channel 19: Upland treatment",1,0,"Herbaceous",10.9166666666667
404,"2012-03-01","Channel 19","Station 02 + 52","No treatment","Channel 19: Upland treatment",1,0,"Woody",49.1666666666667
405,"2012-03-01","Channel 19","Station 03 + 63","No treatment","Channel 19: Upland treatment",1,0,"Herbaceous",7.5
405,"2012-03-01","Channel 19","Station 03 + 63","No treatment","Channel 19: Upland treatment",1,0,"Woody",62.5
406,"2012-03-01","Channel 19","Station 03 + 98","No treatment","Channel 19: Upland treatment",1,0,"Herbaceous",7.91666666666667
406,"2012-03-01","Channel 19","Station 03 + 98","No treatment","Channel 19: Upland treatment",1,0,"Woody",13.75
407,"2012-03-01","Channel 19","Station 05 + 00","No treatment","Channel 19: Upland treatment",1,0,"Herbaceous",10.5833333333333
407,"2012-03-01","Channel 19","Station 05 + 00","No treatment","Channel 19: Upland treatment",1,0,"Woody",7.08333333333333
408,"2012-03-01","Channel 19","Station 05 + 09","No treatment","Channel 19: Upland treatment",1,0,"Herbaceous",1.5
408,"2012-03-01","Channel 19","Station 05 + 09","No treatment","Channel 19: Upland treatment",1,0,"Woody",23.75
409,"2012-03-01","Channel 19","Station 05 + 62","No treatment","Channel 19: Upland treatment",1,0,"Herbaceous",3.16666666666667
409,"2012-03-01","Channel 19","Station 05 + 62","No treatment","Channel 19: Upland treatment",1,0,"Woody",0.5
410,"2012-03-01","Channel 19","Station 06 + 13","No treatment","Channel 19: Upland treatment",1,0,"Herbaceous",2.66666666666667
410,"2012-03-01","Channel 19","Station 06 + 13","No treatment","Channel 19: Upland treatment",1,0,"Woody",24.1666666666667
411,"2012-03-01","Channel 19","Station 06 + 97","No treatment","Channel 19: Upland treatment",1,0,"Herbaceous",1.83333333333333
411,"2012-03-01","Channel 19","Station 06 + 97","No treatment","Channel 19: Upland treatment",1,0,"Woody",41.8333333333333
412,"2012-03-01","Channel 19","Station 07 + 30","No treatment","Channel 19: Upland treatment",1,0,"Herbaceous",2.25
412,"2012-03-01","Channel 19","Station 07 + 30","No treatment","Channel 19: Upland treatment",1,0,"Woody",17.0833333333333
413,"2012-03-01","Channel 19","Station 07 + 50","No treatment","Channel 19: Upland treatment",1,0,"Herbaceous",2.5
413,"2012-03-01","Channel 19","Station 07 + 50","No treatment","Channel 19: Upland treatment",1,0,"Woody",38.75
414,"2012-03-01","Channel 19","Station 07 + 97","No treatment","Channel 19: Upland treatment",1,0,"Herbaceous",5
414,"2012-03-01","Channel 19","Station 07 + 97","No treatment","Channel 19: Upland treatment",1,0,"Woody",9.16666666666667
415,"2012-03-01","Channel 19","Station 09 + 05","No treatment","Channel 19: Upland treatment",1,0,"Herbaceous",4.91666666666667
415,"2012-03-01","Channel 19","Station 09 + 05","No treatment","Channel 19: Upland treatment",1,0,"Woody",15.9166666666667
416,"2012-03-01","Channel 19","Station 09 + 26","No treatment","Channel 19: Upland treatment",1,0,"Herbaceous",2.33333333333333
416,"2012-03-01","Channel 19","Station 09 + 26","No treatment","Channel 19: Upland treatment",1,0,"Woody",6.66666666666667
417,"2012-03-01","Channel 19","Station 09 + 68","No treatment","Channel 19: Upland treatment",1,0,"Herbaceous",0.666666666666667
417,"2012-03-01","Channel 19","Station 09 + 68","No treatment","Channel 19: Upland treatment",1,0,"Woody",54.6666666666667
418,"2012-03-01","Channel 19","Station 10 + 98","No treatment","Channel 19: Upland treatment",1,0,"Herbaceous",4.75
418,"2012-03-01","Channel 19","Station 10 + 98","No treatment","Channel 19: Upland treatment",1,0,"Woody",24.3333333333333
419,"2012-03-01","Channel 21","Station 01 + 07.5 BAF","Baffle","Channel 21: In-channel treatment",0,1,"Herbaceous",9.75
419,"2012-03-01","Channel 21","Station 01 + 07.5 BAF","Baffle","Channel 21: In-channel treatment",0,1,"Woody",22.5
420,"2012-03-01","Channel 21","Station 01 + 49 ORD","One station dam","Channel 21: In-channel treatment",0,1,"Herbaceous",0.75
420,"2012-03-01","Channel 21","Station 01 + 49 ORD","One station dam","Channel 21: In-channel treatment",0,1,"Woody",15.4166666666667
421,"2012-03-01","Channel 21","Station 02 + 15 BAF","Baffle","Channel 21: In-channel treatment",0,1,"Herbaceous",6.41666666666667
421,"2012-03-01","Channel 21","Station 02 + 15 BAF","Baffle","Channel 21: In-channel treatment",0,1,"Woody",2.5
422,"2012-03-01","Channel 21","Station 03 + 80 BAF","Baffle","Channel 21: In-channel treatment",0,1,"Herbaceous",0.75
422,"2012-03-01","Channel 21","Station 03 + 80 BAF","Baffle","Channel 21: In-channel treatment",0,1,"Woody",16.6666666666667
423,"2012-03-01","Channel 21","Station 04 + 90 ORD","One station dam","Channel 21: In-channel treatment",0,1,"Herbaceous",3.58333333333333
423,"2012-03-01","Channel 21","Station 04 + 90 ORD","One station dam","Channel 21: In-channel treatment",0,1,"Woody",2.5
424,"2012-03-01","Channel 21","Station 06 + 36 BAF","Baffle","Channel 21: In-channel treatment",0,1,"Herbaceous",4.41666666666667
424,"2012-03-01","Channel 21","Station 06 + 36 BAF","Baffle","Channel 21: In-channel treatment",0,1,"Woody",10.0833333333333
425,"2012-03-01","Channel 21","Station 07 + 49.5 ORD","One station dam","Channel 21: In-channel treatment",0,1,"Herbaceous",1.16666666666667
425,"2012-03-01","Channel 21","Station 07 + 49.5 ORD","One station dam","Channel 21: In-channel treatment",0,1,"Woody",32.5833333333333
426,"2012-03-01","Channel 21","Station 07 + 66 BAF","Baffle","Channel 21: In-channel treatment",0,1,"Herbaceous",0.25
426,"2012-03-01","Channel 21","Station 07 + 66 BAF","Baffle","Channel 21: In-channel treatment",0,1,"Woody",0.5
427,"2012-03-01","Channel 21","Station 08 + 62 BAF","Baffle","Channel 21: In-channel treatment",0,1,"Herbaceous",3.08333333333333
427,"2012-03-01","Channel 21","Station 08 + 62 BAF","Baffle","Channel 21: In-channel treatment",0,1,"Woody",14.6666666666667
428,"2012-03-01","Channel 21","Station 09 + 99 ORD","One station dam","Channel 21: In-channel treatment",0,1,"Herbaceous",1.25
428,"2012-03-01","Channel 21","Station 09 + 99 ORD","One station dam","Channel 21: In-channel treatment",0,1,"Woody",11
429,"2012-03-01","Channel 21","Station 10 + 13 BAF","Baffle","Channel 21: In-channel treatment",0,1,"Herbaceous",2.5
429,"2012-03-01","Channel 21","Station 10 + 13 BAF","Baffle","Channel 21: In-channel treatment",0,1,"Woody",47.0833333333333
430,"2012-03-01","Channel 21","Station 11 + 12 ORD","One station dam","Channel 21: In-channel treatment",0,1,"Herbaceous",4.66666666666667
430,"2012-03-01","Channel 21","Station 11 + 12 ORD","One station dam","Channel 21: In-channel treatment",0,1,"Woody",26
431,"2012-03-01","Channel 21","Station 11 + 24 BAF","Baffle","Channel 21: In-channel treatment",0,1,"Herbaceous",5.58333333333333
431,"2012-03-01","Channel 21","Station 11 + 24 BAF","Baffle","Channel 21: In-channel treatment",0,1,"Woody",8.75
432,"2012-03-01","Channel 21","Station 11 + 63 ORD","One station dam","Channel 21: In-channel treatment",0,1,"Herbaceous",10.9166666666667
432,"2012-03-01","Channel 21","Station 11 + 63 ORD","One station dam","Channel 21: In-channel treatment",0,1,"Woody",27.5833333333333
433,"2012-03-01","Channel 21","Station 11 + 73 BAF","Baffle","Channel 21: In-channel treatment",0,1,"Herbaceous",4.25
433,"2012-03-01","Channel 21","Station 11 + 73 BAF","Baffle","Channel 21: In-channel treatment",0,1,"Woody",2.66666666666667
