PlotTimeID,Sample,Channel,Station,Year,year.xaxis,station.trt,channel.trt,Treatment1,Treatment2,Treatment3,Cover
1,49,Channel 12,Station 1 + 04,2012,2012-01-01,No treatment,Channel 12: Control,No treatment,Control,Control,18.5
2,50,Channel 12,Station 1 + 52,2012,2012-01-01,No treatment,Channel 12: Control,No treatment,Control,Control,49.333333333333336
3,51,Channel 12,Station 1 + 83,2012,2012-01-01,No treatment,Channel 12: Control,No treatment,Control,Control,59.25
4,52,Channel 12,Station 2 + 63,2012,2012-01-01,No treatment,Channel 12: Control,No treatment,Control,Control,28.666666666666664
5,53,Channel 12,Station 2 + 98,2012,2012-01-01,No treatment,Channel 12: Control,No treatment,Control,Control,28.666666666666668
6,54,Channel 12,Station 3 + 93,2012,2012-01-01,No treatment,Channel 12: Control,No treatment,Control,Control,93.75
7,55,Channel 12,Station 4 + 00,2012,2012-01-01,No treatment,Channel 12: Control,No treatment,Control,Control,41.791666666666664
8,56,Channel 12,Station 4 + 09,2012,2012-01-01,No treatment,Channel 12: Control,No treatment,Control,Control,55.916666666666664
9,57,Channel 12,Station 4 + 56,2012,2012-01-01,No treatment,Channel 12: Control,No treatment,Control,Control,39
10,58,Channel 12,Station 4 + 65,2012,2012-01-01,No treatment,Channel 12: Control,No treatment,Control,Control,74.33333333333333
11,59,Channel 12,Station 5 + 13,2012,2012-01-01,No treatment,Channel 12: Control,No treatment,Control,Control,29.333333333333332
12,60,Channel 12,Station 5 + 48,2012,2012-01-01,No treatment,Channel 12: Control,No treatment,Control,Control,40.083333333333336
13,61,Channel 12,Station 6 + 30,2012,2012-01-01,No treatment,Channel 12: Control,No treatment,Control,Control,66.41666666666667
14,62,Channel 12,Station 6 + 93,2012,2012-01-01,No treatment,Channel 12: Control,No treatment,Control,Control,97.33333333333333
15,33,Channel 13,Station 1 + 11.5 BAF,2012,2012-01-01,Baffle,Channel 13: In-channel treatment,Baffle,In-channel treatment,Treated,69.91666666666667
16,34,Channel 13,Station 1 + 38.5 ORD,2012,2012-01-01,One rock dam,Channel 13: In-channel treatment,One rock dam,In-channel treatment,Treated,55.083333333333336
17,35,Channel 13,Station 1 + 71 BAF,2012,2012-01-01,Baffle,Channel 13: In-channel treatment,Baffle,In-channel treatment,Treated,42.416666666666664
18,36,Channel 13,Station 1 + 77 ORD,2012,2012-01-01,One rock dam,Channel 13: In-channel treatment,One rock dam,In-channel treatment,Treated,46.416666666666664
19,37,Channel 13,Station 1 + 99 ORD,2012,2012-01-01,One rock dam,Channel 13: In-channel treatment,One rock dam,In-channel treatment,Treated,42.875
20,38,Channel 13,Station 2 + 16 BAF,2012,2012-01-01,Baffle,Channel 13: In-channel treatment,Baffle,In-channel treatment,Treated,81.5
21,39,Channel 13,Station 2 + 57 ORD,2012,2012-01-01,One rock dam,Channel 13: In-channel treatment,One rock dam,In-channel treatment,Treated,22.083333333333336
22,40,Channel 13,Station 2 + 67 BAF,2012,2012-01-01,Baffle,Channel 13: In-channel treatment,Baffle,In-channel treatment,Treated,71.5
23,41,Channel 13,Station 3 + 09 ORD,2012,2012-01-01,One rock dam,Channel 13: In-channel treatment,One rock dam,In-channel treatment,Treated,95.33333333333333
24,42,Channel 13,Station 3 + 31 BAF,2012,2012-01-01,Baffle,Channel 13: In-channel treatment,Baffle,In-channel treatment,Treated,52.25
25,43,Channel 13,Station 3 + 65 ORD,2012,2012-01-01,One rock dam,Channel 13: In-channel treatment,One rock dam,In-channel treatment,Treated,35.416666666666664
26,44,Channel 13,Station 3 + 95.5 ORD,2012,2012-01-01,One rock dam,Channel 13: In-channel treatment,One rock dam,In-channel treatment,Treated,38.833333333333336
27,45,Channel 13,Station 4 + 14.5 BAF,2012,2012-01-01,Baffle,Channel 13: In-channel treatment,Baffle,In-channel treatment,Treated,45.666666666666664
28,46,Channel 13,Station 4 + 36 ORD,2012,2012-01-01,One rock dam,Channel 13: In-channel treatment,One rock dam,In-channel treatment,Treated,59.75
29,47,Channel 13,Station 4 + 50 BAF,2012,2012-01-01,Baffle,Channel 13: In-channel treatment,Baffle,In-channel treatment,Treated,83.91666666666667
30,48,Channel 13,Station 4 + 78 ORD,2012,2012-01-01,One rock dam,Channel 13: In-channel treatment,One rock dam,In-channel treatment,Treated,74.16666666666667
31,16,Channel 19,Station 01 + 04,2012,2012-01-01,No treatment,Channel 19: Upland treatment,Upland,Upland treatment,Control,92.91666666666667
33,18,Channel 19,Station 02 + 52,2012,2012-01-01,No treatment,Channel 19: Upland treatment,Upland,Upland treatment,Control,101.08333333333333
34,19,Channel 19,Station 03 + 63,2012,2012-01-01,No treatment,Channel 19: Upland treatment,Upland,Upland treatment,Control,110.25
35,20,Channel 19,Station 03 + 98,2012,2012-01-01,No treatment,Channel 19: Upland treatment,Upland,Upland treatment,Control,51
36,21,Channel 19,Station 05 + 00,2012,2012-01-01,No treatment,Channel 19: Upland treatment,Upland,Upland treatment,Control,61.66666666666667
37,22,Channel 19,Station 05 + 09,2012,2012-01-01,No treatment,Channel 19: Upland treatment,Upland,Upland treatment,Control,71.41666666666667
38,23,Channel 19,Station 05 + 62,2012,2012-01-01,No treatment,Channel 19: Upland treatment,Upland,Upland treatment,Control,16.666666666666668
39,24,Channel 19,Station 06 + 13,2012,2012-01-01,No treatment,Channel 19: Upland treatment,Upland,Upland treatment,Control,48.416666666666664
40,25,Channel 19,Station 06 + 97,2012,2012-01-01,No treatment,Channel 19: Upland treatment,Upland,Upland treatment,Control,76.16666666666666
41,26,Channel 19,Station 07 + 30,2012,2012-01-01,No treatment,Channel 19: Upland treatment,Upland,Upland treatment,Control,98.83333333333333
42,27,Channel 19,Station 07 + 50,2012,2012-01-01,No treatment,Channel 19: Upland treatment,Upland,Upland treatment,Control,67.83333333333334
43,28,Channel 19,Station 07 + 97,2012,2012-01-01,No treatment,Channel 19: Upland treatment,Upland,Upland treatment,Control,29.5
44,29,Channel 19,Station 09 + 05,2012,2012-01-01,No treatment,Channel 19: Upland treatment,Upland,Upland treatment,Control,59.416666666666664
45,30,Channel 19,Station 09 + 26,2012,2012-01-01,No treatment,Channel 19: Upland treatment,Upland,Upland treatment,Control,34.083333333333336
46,31,Channel 19,Station 09 + 68,2012,2012-01-01,No treatment,Channel 19: Upland treatment,Upland,Upland treatment,Control,72.91666666666666
47,32,Channel 19,Station 10 + 98,2012,2012-01-01,No treatment,Channel 19: Upland treatment,Upland,Upland treatment,Control,63.166666666666664
48,1,Channel 21,Station 01 + 07.5 BAF,2012,2012-01-01,Baffle,Channel 21: In-channel treatment,Baffle,In-channel treatment,Treated,37
49,2,Channel 21,Station 01 + 49 ORD,2012,2012-01-01,One rock dam,Channel 21: In-channel treatment,One rock dam,In-channel treatment,Treated,27
50,3,Channel 21,Station 02 + 15 BAF,2012,2012-01-01,Baffle,Channel 21: In-channel treatment,Baffle,In-channel treatment,Treated,26.666666666666668
51,4,Channel 21,Station 03 + 80 BAF,2012,2012-01-01,Baffle,Channel 21: In-channel treatment,Baffle,In-channel treatment,Treated,27.416666666666664
52,5,Channel 21,Station 04 + 90 ORD,2012,2012-01-01,One rock dam,Channel 21: In-channel treatment,One rock dam,In-channel treatment,Treated,8.833333333333334
53,6,Channel 21,Station 06 + 36 BAF,2012,2012-01-01,Baffle,Channel 21: In-channel treatment,Baffle,In-channel treatment,Treated,21
54,7,Channel 21,Station 07 + 49.5 ORD,2012,2012-01-01,One rock dam,Channel 21: In-channel treatment,One rock dam,In-channel treatment,Treated,34.416666666666664
55,8,Channel 21,Station 07 + 66 BAF,2012,2012-01-01,Baffle,Channel 21: In-channel treatment,Baffle,In-channel treatment,Treated,3.25
56,9,Channel 21,Station 08 + 62 BAF,2012,2012-01-01,Baffle,Channel 21: In-channel treatment,Baffle,In-channel treatment,Treated,29.416666666666668
57,10,Channel 21,Station 09 + 99 ORD,2012,2012-01-01,One rock dam,Channel 21: In-channel treatment,One rock dam,In-channel treatment,Treated,8.416666666666666
58,11,Channel 21,Station 10 + 13 BAF,2012,2012-01-01,Baffle,Channel 21: In-channel treatment,Baffle,In-channel treatment,Treated,56.25
59,12,Channel 21,Station 11 + 12 ORD,2012,2012-01-01,One rock dam,Channel 21: In-channel treatment,One rock dam,In-channel treatment,Treated,45.166666666666664
60,13,Channel 21,Station 11 + 24 BAF,2012,2012-01-01,Baffle,Channel 21: In-channel treatment,Baffle,In-channel treatment,Treated,35.416666666666664
61,14,Channel 21,Station 11 + 63 ORD,2012,2012-01-01,One rock dam,Channel 21: In-channel treatment,One rock dam,In-channel treatment,Treated,30.25
62,15,Channel 21,Station 11 + 73 BAF,2012,2012-01-01,Baffle,Channel 21: In-channel treatment,Baffle,In-channel treatment,Treated,15.166666666666666
63,49,Channel 12,Station 1 + 04,2013,2013-01-01,No treatment,Channel 12: Control,No treatment,Control,Control,47.75
64,50,Channel 12,Station 1 + 52,2013,2013-01-01,No treatment,Channel 12: Control,No treatment,Control,Control,53.333333333333336
65,51,Channel 12,Station 1 + 83,2013,2013-01-01,No treatment,Channel 12: Control,No treatment,Control,Control,80.75
66,52,Channel 12,Station 2 + 63,2013,2013-01-01,No treatment,Channel 12: Control,No treatment,Control,Control,74.5
67,53,Channel 12,Station 2 + 98,2013,2013-01-01,No treatment,Channel 12: Control,No treatment,Control,Control,95.41666666666667
68,54,Channel 12,Station 3 + 93,2013,2013-01-01,No treatment,Channel 12: Control,No treatment,Control,Control,74.16666666666667
69,55,Channel 12,Station 4 + 00,2013,2013-01-01,No treatment,Channel 12: Control,No treatment,Control,Control,85.29166666666667
70,56,Channel 12,Station 4 + 09,2013,2013-01-01,No treatment,Channel 12: Control,No treatment,Control,Control,63.16666666666667
71,57,Channel 12,Station 4 + 56,2013,2013-01-01,No treatment,Channel 12: Control,No treatment,Control,Control,46.833333333333336
73,59,Channel 12,Station 5 + 13,2013,2013-01-01,No treatment,Channel 12: Control,No treatment,Control,Control,51.166666666666664
74,60,Channel 12,Station 5 + 48,2013,2013-01-01,No treatment,Channel 12: Control,No treatment,Control,Control,48.833333333333336
75,61,Channel 12,Station 6 + 30,2013,2013-01-01,No treatment,Channel 12: Control,No treatment,Control,Control,89
76,62,Channel 12,Station 6 + 93,2013,2013-01-01,No treatment,Channel 12: Control,No treatment,Control,Control,84.83333333333334
77,33,Channel 13,Station 1 + 11.5 BAF,2013,2013-01-01,Baffle,Channel 13: In-channel treatment,Baffle,In-channel treatment,Treated,69.25
78,34,Channel 13,Station 1 + 38.5 ORD,2013,2013-01-01,One rock dam,Channel 13: In-channel treatment,One rock dam,In-channel treatment,Treated,55.5
79,35,Channel 13,Station 1 + 71 BAF,2013,2013-01-01,Baffle,Channel 13: In-channel treatment,Baffle,In-channel treatment,Treated,35.5
81,37,Channel 13,Station 1 + 99 ORD,2013,2013-01-01,One rock dam,Channel 13: In-channel treatment,One rock dam,In-channel treatment,Treated,50.25
82,38,Channel 13,Station 2 + 16 BAF,2013,2013-01-01,Baffle,Channel 13: In-channel treatment,Baffle,In-channel treatment,Treated,35.5
83,39,Channel 13,Station 2 + 57 ORD,2013,2013-01-01,One rock dam,Channel 13: In-channel treatment,One rock dam,In-channel treatment,Treated,77.25
84,40,Channel 13,Station 2 + 67 BAF,2013,2013-01-01,Baffle,Channel 13: In-channel treatment,Baffle,In-channel treatment,Treated,12.916666666666666
85,41,Channel 13,Station 3 + 09 ORD,2013,2013-01-01,One rock dam,Channel 13: In-channel treatment,One rock dam,In-channel treatment,Treated,51.58333333333333
86,42,Channel 13,Station 3 + 31 BAF,2013,2013-01-01,Baffle,Channel 13: In-channel treatment,Baffle,In-channel treatment,Treated,83.41666666666666
87,43,Channel 13,Station 3 + 65 ORD,2013,2013-01-01,One rock dam,Channel 13: In-channel treatment,One rock dam,In-channel treatment,Treated,50.75
88,44,Channel 13,Station 3 + 95.5 ORD,2013,2013-01-01,One rock dam,Channel 13: In-channel treatment,One rock dam,In-channel treatment,Treated,39.75
89,45,Channel 13,Station 4 + 14.5 BAF,2013,2013-01-01,Baffle,Channel 13: In-channel treatment,Baffle,In-channel treatment,Treated,45
90,46,Channel 13,Station 4 + 36 ORD,2013,2013-01-01,One rock dam,Channel 13: In-channel treatment,One rock dam,In-channel treatment,Treated,37.916666666666664
91,47,Channel 13,Station 4 + 50 BAF,2013,2013-01-01,Baffle,Channel 13: In-channel treatment,Baffle,In-channel treatment,Treated,62.08333333333333
93,16,Channel 19,Station 01 + 04,2013,2013-01-01,No treatment,Channel 19: Upland treatment,Upland,Upland treatment,Control,83.08333333333333
94,17,Channel 19,Station 02 + 04,2013,2013-01-01,No treatment,Channel 19: Upland treatment,Upland,Upland treatment,Control,44.083333333333336
95,18,Channel 19,Station 02 + 52,2013,2013-01-01,No treatment,Channel 19: Upland treatment,Upland,Upland treatment,Control,77.91666666666666
96,19,Channel 19,Station 03 + 63,2013,2013-01-01,No treatment,Channel 19: Upland treatment,Upland,Upland treatment,Control,111.83333333333333
97,20,Channel 19,Station 03 + 98,2013,2013-01-01,No treatment,Channel 19: Upland treatment,Upland,Upland treatment,Control,61.166666666666664
98,21,Channel 19,Station 05 + 00,2013,2013-01-01,No treatment,Channel 19: Upland treatment,Upland,Upland treatment,Control,14.333333333333334
99,22,Channel 19,Station 05 + 09,2013,2013-01-01,No treatment,Channel 19: Upland treatment,Upland,Upland treatment,Control,89
100,23,Channel 19,Station 05 + 62,2013,2013-01-01,No treatment,Channel 19: Upland treatment,Upland,Upland treatment,Control,16.666666666666668
101,24,Channel 19,Station 06 + 13,2013,2013-01-01,No treatment,Channel 19: Upland treatment,Upland,Upland treatment,Control,43.25
102,25,Channel 19,Station 06 + 97,2013,2013-01-01,No treatment,Channel 19: Upland treatment,Upland,Upland treatment,Control,61.08333333333333
103,26,Channel 19,Station 07 + 30,2013,2013-01-01,No treatment,Channel 19: Upland treatment,Upland,Upland treatment,Control,36.5
104,27,Channel 19,Station 07 + 50,2013,2013-01-01,No treatment,Channel 19: Upland treatment,Upland,Upland treatment,Control,50.5
105,28,Channel 19,Station 07 + 97,2013,2013-01-01,No treatment,Channel 19: Upland treatment,Upland,Upland treatment,Control,75.25
106,29,Channel 19,Station 09 + 05,2013,2013-01-01,No treatment,Channel 19: Upland treatment,Upland,Upland treatment,Control,34.416666666666664
107,30,Channel 19,Station 09 + 26,2013,2013-01-01,No treatment,Channel 19: Upland treatment,Upland,Upland treatment,Control,64.58333333333333
108,31,Channel 19,Station 09 + 68,2013,2013-01-01,No treatment,Channel 19: Upland treatment,Upland,Upland treatment,Control,41.5
109,32,Channel 19,Station 10 + 98,2013,2013-01-01,No treatment,Channel 19: Upland treatment,Upland,Upland treatment,Control,34.75
110,1,Channel 21,Station 01 + 07.5 BAF,2013,2013-01-01,Baffle,Channel 21: In-channel treatment,Baffle,In-channel treatment,Treated,23
111,2,Channel 21,Station 01 + 49 ORD,2013,2013-01-01,One rock dam,Channel 21: In-channel treatment,One rock dam,In-channel treatment,Treated,20.5
112,3,Channel 21,Station 02 + 15 BAF,2013,2013-01-01,Baffle,Channel 21: In-channel treatment,Baffle,In-channel treatment,Treated,18.916666666666668
113,4,Channel 21,Station 03 + 80 BAF,2013,2013-01-01,Baffle,Channel 21: In-channel treatment,Baffle,In-channel treatment,Treated,23.416666666666668
114,5,Channel 21,Station 04 + 90 ORD,2013,2013-01-01,One rock dam,Channel 21: In-channel treatment,One rock dam,In-channel treatment,Treated,4.25
115,6,Channel 21,Station 06 + 36 BAF,2013,2013-01-01,Baffle,Channel 21: In-channel treatment,Baffle,In-channel treatment,Treated,23.75
116,7,Channel 21,Station 07 + 49.5 ORD,2013,2013-01-01,One rock dam,Channel 21: In-channel treatment,One rock dam,In-channel treatment,Treated,22.083333333333336
117,8,Channel 21,Station 07 + 66 BAF,2013,2013-01-01,Baffle,Channel 21: In-channel treatment,Baffle,In-channel treatment,Treated,0.8333333333333334
118,9,Channel 21,Station 08 + 62 BAF,2013,2013-01-01,Baffle,Channel 21: In-channel treatment,Baffle,In-channel treatment,Treated,16.25
119,10,Channel 21,Station 09 + 99 ORD,2013,2013-01-01,One rock dam,Channel 21: In-channel treatment,One rock dam,In-channel treatment,Treated,15.833333333333332
120,11,Channel 21,Station 10 + 13 BAF,2013,2013-01-01,Baffle,Channel 21: In-channel treatment,Baffle,In-channel treatment,Treated,52.833333333333336
121,12,Channel 21,Station 11 + 12 ORD,2013,2013-01-01,One rock dam,Channel 21: In-channel treatment,One rock dam,In-channel treatment,Treated,43.583333333333336
122,13,Channel 21,Station 11 + 24 BAF,2013,2013-01-01,Baffle,Channel 21: In-channel treatment,Baffle,In-channel treatment,Treated,26
123,14,Channel 21,Station 11 + 63 ORD,2013,2013-01-01,One rock dam,Channel 21: In-channel treatment,One rock dam,In-channel treatment,Treated,35.291666666666664
124,15,Channel 21,Station 11 + 73 BAF,2013,2013-01-01,Baffle,Channel 21: In-channel treatment,Baffle,In-channel treatment,Treated,25.916666666666668
125,49,Channel 12,Station 1 + 04,2014,2014-01-01,No treatment,Channel 12: Control,No treatment,Control,Control,24.75
126,50,Channel 12,Station 1 + 52,2014,2014-01-01,No treatment,Channel 12: Control,No treatment,Control,Control,25.375
127,51,Channel 12,Station 1 + 83,2014,2014-01-01,No treatment,Channel 12: Control,No treatment,Control,Control,54.25
128,52,Channel 12,Station 2 + 63,2014,2014-01-01,No treatment,Channel 12: Control,No treatment,Control,Control,24.25
129,53,Channel 12,Station 2 + 98,2014,2014-01-01,No treatment,Channel 12: Control,No treatment,Control,Control,49.625
130,54,Channel 12,Station 3 + 93,2014,2014-01-01,No treatment,Channel 12: Control,No treatment,Control,Control,26.75
131,55,Channel 12,Station 4 + 00,2014,2014-01-01,No treatment,Channel 12: Control,No treatment,Control,Control,62.25
132,56,Channel 12,Station 4 + 09,2014,2014-01-01,No treatment,Channel 12: Control,No treatment,Control,Control,25.625
133,57,Channel 12,Station 4 + 56,2014,2014-01-01,No treatment,Channel 12: Control,No treatment,Control,Control,31.5
134,58,Channel 12,Station 4 + 65,2014,2014-01-01,No treatment,Channel 12: Control,No treatment,Control,Control,22.5
135,59,Channel 12,Station 5 + 13,2014,2014-01-01,No treatment,Channel 12: Control,No treatment,Control,Control,34.875
136,60,Channel 12,Station 5 + 48,2014,2014-01-01,No treatment,Channel 12: Control,No treatment,Control,Control,34.25
137,61,Channel 12,Station 6 + 30,2014,2014-01-01,No treatment,Channel 12: Control,No treatment,Control,Control,76.625
138,62,Channel 12,Station 6 + 93,2014,2014-01-01,No treatment,Channel 12: Control,No treatment,Control,Control,84.5
139,33,Channel 13,Station 1 + 11.5 BAF,2014,2014-01-01,Baffle,Channel 13: In-channel treatment,Baffle,In-channel treatment,Treated,69.8125
140,34,Channel 13,Station 1 + 38.5 ORD,2014,2014-01-01,One rock dam,Channel 13: In-channel treatment,One rock dam,In-channel treatment,Treated,79.75
141,35,Channel 13,Station 1 + 71 BAF,2014,2014-01-01,Baffle,Channel 13: In-channel treatment,Baffle,In-channel treatment,Treated,62.625
142,36,Channel 13,Station 1 + 77 ORD,2014,2014-01-01,One rock dam,Channel 13: In-channel treatment,One rock dam,In-channel treatment,Treated,67.5
143,37,Channel 13,Station 1 + 99 ORD,2014,2014-01-01,One rock dam,Channel 13: In-channel treatment,One rock dam,In-channel treatment,Treated,40.0625
144,38,Channel 13,Station 2 + 16 BAF,2014,2014-01-01,Baffle,Channel 13: In-channel treatment,Baffle,In-channel treatment,Treated,90.25
145,39,Channel 13,Station 2 + 57 ORD,2014,2014-01-01,One rock dam,Channel 13: In-channel treatment,One rock dam,In-channel treatment,Treated,26.25
146,40,Channel 13,Station 2 + 67 BAF,2014,2014-01-01,Baffle,Channel 13: In-channel treatment,Baffle,In-channel treatment,Treated,72.75
147,41,Channel 13,Station 3 + 09 ORD,2014,2014-01-01,One rock dam,Channel 13: In-channel treatment,One rock dam,In-channel treatment,Treated,69.75
148,42,Channel 13,Station 3 + 31 BAF,2014,2014-01-01,Baffle,Channel 13: In-channel treatment,Baffle,In-channel treatment,Treated,43.75
149,43,Channel 13,Station 3 + 65 ORD,2014,2014-01-01,One rock dam,Channel 13: In-channel treatment,One rock dam,In-channel treatment,Treated,62.125
150,44,Channel 13,Station 3 + 95.5 ORD,2014,2014-01-01,One rock dam,Channel 13: In-channel treatment,One rock dam,In-channel treatment,Treated,40.625
151,45,Channel 13,Station 4 + 14.5 BAF,2014,2014-01-01,Baffle,Channel 13: In-channel treatment,Baffle,In-channel treatment,Treated,30.125
152,46,Channel 13,Station 4 + 36 ORD,2014,2014-01-01,One rock dam,Channel 13: In-channel treatment,One rock dam,In-channel treatment,Treated,32.75
153,47,Channel 13,Station 4 + 50 BAF,2014,2014-01-01,Baffle,Channel 13: In-channel treatment,Baffle,In-channel treatment,Treated,97.375
154,48,Channel 13,Station 4 + 78 ORD,2014,2014-01-01,One rock dam,Channel 13: In-channel treatment,One rock dam,In-channel treatment,Treated,51.75
156,17,Channel 19,Station 02 + 04,2014,2014-01-01,No treatment,Channel 19: Upland treatment,Upland,Upland treatment,Control,84.625
157,18,Channel 19,Station 02 + 52,2014,2014-01-01,No treatment,Channel 19: Upland treatment,Upland,Upland treatment,Control,104.5
158,19,Channel 19,Station 03 + 63,2014,2014-01-01,No treatment,Channel 19: Upland treatment,Upland,Upland treatment,Control,57.625
159,20,Channel 19,Station 03 + 98,2014,2014-01-01,No treatment,Channel 19: Upland treatment,Upland,Upland treatment,Control,83.875
160,21,Channel 19,Station 05 + 00,2014,2014-01-01,No treatment,Channel 19: Upland treatment,Upland,Upland treatment,Control,55.625
161,22,Channel 19,Station 05 + 09,2014,2014-01-01,No treatment,Channel 19: Upland treatment,Upland,Upland treatment,Control,104.875
162,23,Channel 19,Station 05 + 62,2014,2014-01-01,No treatment,Channel 19: Upland treatment,Upland,Upland treatment,Control,33.625
163,24,Channel 19,Station 06 + 13,2014,2014-01-01,No treatment,Channel 19: Upland treatment,Upland,Upland treatment,Control,30.75
164,25,Channel 19,Station 06 + 97,2014,2014-01-01,No treatment,Channel 19: Upland treatment,Upland,Upland treatment,Control,55.75
165,26,Channel 19,Station 07 + 30,2014,2014-01-01,No treatment,Channel 19: Upland treatment,Upland,Upland treatment,Control,51.75
166,27,Channel 19,Station 07 + 50,2014,2014-01-01,No treatment,Channel 19: Upland treatment,Upland,Upland treatment,Control,52.625
167,28,Channel 19,Station 07 + 97,2014,2014-01-01,No treatment,Channel 19: Upland treatment,Upland,Upland treatment,Control,64.25
168,29,Channel 19,Station 09 + 05,2014,2014-01-01,No treatment,Channel 19: Upland treatment,Upland,Upland treatment,Control,38.75
169,30,Channel 19,Station 09 + 26,2014,2014-01-01,No treatment,Channel 19: Upland treatment,Upland,Upland treatment,Control,59.625
170,31,Channel 19,Station 09 + 68,2014,2014-01-01,No treatment,Channel 19: Upland treatment,Upland,Upland treatment,Control,39.75
171,32,Channel 19,Station 10 + 98,2014,2014-01-01,No treatment,Channel 19: Upland treatment,Upland,Upland treatment,Control,55.375
172,1,Channel 21,Station 01 + 07.5 BAF,2014,2014-01-01,Baffle,Channel 21: In-channel treatment,Baffle,In-channel treatment,Treated,26.125
173,2,Channel 21,Station 01 + 49 ORD,2014,2014-01-01,One rock dam,Channel 21: In-channel treatment,One rock dam,In-channel treatment,Treated,38.375
174,3,Channel 21,Station 02 + 15 BAF,2014,2014-01-01,Baffle,Channel 21: In-channel treatment,Baffle,In-channel treatment,Treated,15.75
175,4,Channel 21,Station 03 + 80 BAF,2014,2014-01-01,Baffle,Channel 21: In-channel treatment,Baffle,In-channel treatment,Treated,6.375
176,5,Channel 21,Station 04 + 90 ORD,2014,2014-01-01,One rock dam,Channel 21: In-channel treatment,One rock dam,In-channel treatment,Treated,12.875
177,6,Channel 21,Station 06 + 36 BAF,2014,2014-01-01,Baffle,Channel 21: In-channel treatment,Baffle,In-channel treatment,Treated,37.5
178,7,Channel 21,Station 07 + 49.5 ORD,2014,2014-01-01,One rock dam,Channel 21: In-channel treatment,One rock dam,In-channel treatment,Treated,32.625
179,8,Channel 21,Station 07 + 66 BAF,2014,2014-01-01,Baffle,Channel 21: In-channel treatment,Baffle,In-channel treatment,Treated,3.625
180,9,Channel 21,Station 08 + 62 BAF,2014,2014-01-01,Baffle,Channel 21: In-channel treatment,Baffle,In-channel treatment,Treated,28.25
181,10,Channel 21,Station 09 + 99 ORD,2014,2014-01-01,One rock dam,Channel 21: In-channel treatment,One rock dam,In-channel treatment,Treated,9
182,11,Channel 21,Station 10 + 13 BAF,2014,2014-01-01,Baffle,Channel 21: In-channel treatment,Baffle,In-channel treatment,Treated,81.5
183,12,Channel 21,Station 11 + 12 ORD,2014,2014-01-01,One rock dam,Channel 21: In-channel treatment,One rock dam,In-channel treatment,Treated,35.75
184,13,Channel 21,Station 11 + 24 BAF,2014,2014-01-01,Baffle,Channel 21: In-channel treatment,Baffle,In-channel treatment,Treated,27.5
185,14,Channel 21,Station 11 + 63 ORD,2014,2014-01-01,One rock dam,Channel 21: In-channel treatment,One rock dam,In-channel treatment,Treated,68.8125
186,15,Channel 21,Station 11 + 73 BAF,2014,2014-01-01,Baffle,Channel 21: In-channel treatment,Baffle,In-channel treatment,Treated,19.125
187,49,Channel 12,Station 1 + 04,2015,2015-01-01,No treatment,Channel 12: Control,No treatment,Control,Control,25.625
188,50,Channel 12,Station 1 + 52,2015,2015-01-01,No treatment,Channel 12: Control,No treatment,Control,Control,14.875
189,51,Channel 12,Station 1 + 83,2015,2015-01-01,No treatment,Channel 12: Control,No treatment,Control,Control,75.75
190,52,Channel 12,Station 2 + 63,2015,2015-01-01,No treatment,Channel 12: Control,No treatment,Control,Control,75.625
191,53,Channel 12,Station 2 + 98,2015,2015-01-01,No treatment,Channel 12: Control,No treatment,Control,Control,84.375
192,54,Channel 12,Station 3 + 93,2015,2015-01-01,No treatment,Channel 12: Control,No treatment,Control,Control,39.125
193,55,Channel 12,Station 4 + 00,2015,2015-01-01,No treatment,Channel 12: Control,No treatment,Control,Control,78.875
194,56,Channel 12,Station 4 + 09,2015,2015-01-01,No treatment,Channel 12: Control,No treatment,Control,Control,36.75
195,57,Channel 12,Station 4 + 56,2015,2015-01-01,No treatment,Channel 12: Control,No treatment,Control,Control,31.25
196,58,Channel 12,Station 4 + 65,2015,2015-01-01,No treatment,Channel 12: Control,No treatment,Control,Control,28.5
197,59,Channel 12,Station 5 + 13,2015,2015-01-01,No treatment,Channel 12: Control,No treatment,Control,Control,84.375
198,60,Channel 12,Station 5 + 48,2015,2015-01-01,No treatment,Channel 12: Control,No treatment,Control,Control,33.125
199,61,Channel 12,Station 6 + 30,2015,2015-01-01,No treatment,Channel 12: Control,No treatment,Control,Control,97
200,62,Channel 12,Station 6 + 93,2015,2015-01-01,No treatment,Channel 12: Control,No treatment,Control,Control,70.5
201,33,Channel 13,Station 1 + 11.5 BAF,2015,2015-01-01,Baffle,Channel 13: In-channel treatment,Baffle,In-channel treatment,Treated,41
202,34,Channel 13,Station 1 + 38.5 ORD,2015,2015-01-01,One rock dam,Channel 13: In-channel treatment,One rock dam,In-channel treatment,Treated,62.625
203,35,Channel 13,Station 1 + 71 BAF,2015,2015-01-01,Baffle,Channel 13: In-channel treatment,Baffle,In-channel treatment,Treated,73.5
204,36,Channel 13,Station 1 + 77 ORD,2015,2015-01-01,One rock dam,Channel 13: In-channel treatment,One rock dam,In-channel treatment,Treated,70.875
205,37,Channel 13,Station 1 + 99 ORD,2015,2015-01-01,One rock dam,Channel 13: In-channel treatment,One rock dam,In-channel treatment,Treated,49.4375
206,38,Channel 13,Station 2 + 16 BAF,2015,2015-01-01,Baffle,Channel 13: In-channel treatment,Baffle,In-channel treatment,Treated,71.125
207,39,Channel 13,Station 2 + 57 ORD,2015,2015-01-01,One rock dam,Channel 13: In-channel treatment,One rock dam,In-channel treatment,Treated,32.625
208,40,Channel 13,Station 2 + 67 BAF,2015,2015-01-01,Baffle,Channel 13: In-channel treatment,Baffle,In-channel treatment,Treated,49.375
209,41,Channel 13,Station 3 + 09 ORD,2015,2015-01-01,One rock dam,Channel 13: In-channel treatment,One rock dam,In-channel treatment,Treated,70.125
210,42,Channel 13,Station 3 + 31 BAF,2015,2015-01-01,Baffle,Channel 13: In-channel treatment,Baffle,In-channel treatment,Treated,41
211,43,Channel 13,Station 3 + 65 ORD,2015,2015-01-01,One rock dam,Channel 13: In-channel treatment,One rock dam,In-channel treatment,Treated,44.375
212,44,Channel 13,Station 3 + 95.5 ORD,2015,2015-01-01,One rock dam,Channel 13: In-channel treatment,One rock dam,In-channel treatment,Treated,31.875
213,45,Channel 13,Station 4 + 14.5 BAF,2015,2015-01-01,Baffle,Channel 13: In-channel treatment,Baffle,In-channel treatment,Treated,41.75
214,46,Channel 13,Station 4 + 36 ORD,2015,2015-01-01,One rock dam,Channel 13: In-channel treatment,One rock dam,In-channel treatment,Treated,42
215,47,Channel 13,Station 4 + 50 BAF,2015,2015-01-01,Baffle,Channel 13: In-channel treatment,Baffle,In-channel treatment,Treated,52.375
216,48,Channel 13,Station 4 + 78 ORD,2015,2015-01-01,One rock dam,Channel 13: In-channel treatment,One rock dam,In-channel treatment,Treated,76
217,16,Channel 19,Station 01 + 04,2015,2015-01-01,No treatment,Channel 19: Upland treatment,Upland,Upland treatment,Control,54.75
218,17,Channel 19,Station 02 + 04,2015,2015-01-01,No treatment,Channel 19: Upland treatment,Upland,Upland treatment,Control,17.875
219,18,Channel 19,Station 02 + 52,2015,2015-01-01,No treatment,Channel 19: Upland treatment,Upland,Upland treatment,Control,56.25
220,19,Channel 19,Station 03 + 63,2015,2015-01-01,No treatment,Channel 19: Upland treatment,Upland,Upland treatment,Control,56.25
221,20,Channel 19,Station 03 + 98,2015,2015-01-01,No treatment,Channel 19: Upland treatment,Upland,Upland treatment,Control,24.75
222,21,Channel 19,Station 05 + 00,2015,2015-01-01,No treatment,Channel 19: Upland treatment,Upland,Upland treatment,Control,14.125
223,22,Channel 19,Station 05 + 09,2015,2015-01-01,No treatment,Channel 19: Upland treatment,Upland,Upland treatment,Control,40.625
224,23,Channel 19,Station 05 + 62,2015,2015-01-01,No treatment,Channel 19: Upland treatment,Upland,Upland treatment,Control,9.0625
225,24,Channel 19,Station 06 + 13,2015,2015-01-01,No treatment,Channel 19: Upland treatment,Upland,Upland treatment,Control,17.375
226,25,Channel 19,Station 06 + 97,2015,2015-01-01,No treatment,Channel 19: Upland treatment,Upland,Upland treatment,Control,16
227,26,Channel 19,Station 07 + 30,2015,2015-01-01,No treatment,Channel 19: Upland treatment,Upland,Upland treatment,Control,6.25
228,27,Channel 19,Station 07 + 50,2015,2015-01-01,No treatment,Channel 19: Upland treatment,Upland,Upland treatment,Control,36.875
229,28,Channel 19,Station 07 + 97,2015,2015-01-01,No treatment,Channel 19: Upland treatment,Upland,Upland treatment,Control,16.75
230,29,Channel 19,Station 09 + 05,2015,2015-01-01,No treatment,Channel 19: Upland treatment,Upland,Upland treatment,Control,12.5
231,30,Channel 19,Station 09 + 26,2015,2015-01-01,No treatment,Channel 19: Upland treatment,Upland,Upland treatment,Control,16.125
232,31,Channel 19,Station 09 + 68,2015,2015-01-01,No treatment,Channel 19: Upland treatment,Upland,Upland treatment,Control,28
233,32,Channel 19,Station 10 + 98,2015,2015-01-01,No treatment,Channel 19: Upland treatment,Upland,Upland treatment,Control,20.625
234,1,Channel 21,Station 01 + 07.5 BAF,2015,2015-01-01,Baffle,Channel 21: In-channel treatment,Baffle,In-channel treatment,Treated,19.125
235,2,Channel 21,Station 01 + 49 ORD,2015,2015-01-01,One rock dam,Channel 21: In-channel treatment,One rock dam,In-channel treatment,Treated,17
236,3,Channel 21,Station 02 + 15 BAF,2015,2015-01-01,Baffle,Channel 21: In-channel treatment,Baffle,In-channel treatment,Treated,10.125
237,4,Channel 21,Station 03 + 80 BAF,2015,2015-01-01,Baffle,Channel 21: In-channel treatment,Baffle,In-channel treatment,Treated,8.875
238,5,Channel 21,Station 04 + 90 ORD,2015,2015-01-01,One rock dam,Channel 21: In-channel treatment,One rock dam,In-channel treatment,Treated,11.375
239,6,Channel 21,Station 06 + 36 BAF,2015,2015-01-01,Baffle,Channel 21: In-channel treatment,Baffle,In-channel treatment,Treated,27.375
240,7,Channel 21,Station 07 + 49.5 ORD,2015,2015-01-01,One rock dam,Channel 21: In-channel treatment,One rock dam,In-channel treatment,Treated,28.25
241,8,Channel 21,Station 07 + 66 BAF,2015,2015-01-01,Baffle,Channel 21: In-channel treatment,Baffle,In-channel treatment,Treated,0
242,9,Channel 21,Station 08 + 62 BAF,2015,2015-01-01,Baffle,Channel 21: In-channel treatment,Baffle,In-channel treatment,Treated,30.875
243,10,Channel 21,Station 09 + 99 ORD,2015,2015-01-01,One rock dam,Channel 21: In-channel treatment,One rock dam,In-channel treatment,Treated,6.5
244,11,Channel 21,Station 10 + 13 BAF,2015,2015-01-01,Baffle,Channel 21: In-channel treatment,Baffle,In-channel treatment,Treated,48.125
245,12,Channel 21,Station 11 + 12 ORD,2015,2015-01-01,One rock dam,Channel 21: In-channel treatment,One rock dam,In-channel treatment,Treated,27
246,13,Channel 21,Station 11 + 24 BAF,2015,2015-01-01,Baffle,Channel 21: In-channel treatment,Baffle,In-channel treatment,Treated,17.25
247,14,Channel 21,Station 11 + 63 ORD,2015,2015-01-01,One rock dam,Channel 21: In-channel treatment,One rock dam,In-channel treatment,Treated,48.125
248,15,Channel 21,Station 11 + 73 BAF,2015,2015-01-01,Baffle,Channel 21: In-channel treatment,Baffle,In-channel treatment,Treated,10.375
249,49,Channel 12,Station 1 + 04,2018,2018-01-01,No treatment,Channel 12: Control,No treatment,Control,Control,22.625
250,50,Channel 12,Station 1 + 52,2018,2018-01-01,No treatment,Channel 12: Control,No treatment,Control,Control,47.125
251,51,Channel 12,Station 1 + 83,2018,2018-01-01,No treatment,Channel 12: Control,No treatment,Control,Control,78.25
252,52,Channel 12,Station 2 + 63,2018,2018-01-01,No treatment,Channel 12: Control,No treatment,Control,Control,28.125
253,53,Channel 12,Station 2 + 98,2018,2018-01-01,No treatment,Channel 12: Control,No treatment,Control,Control,80
254,54,Channel 12,Station 3 + 93,2018,2018-01-01,No treatment,Channel 12: Control,No treatment,Control,Control,50.125
255,55,Channel 12,Station 4 + 00,2018,2018-01-01,No treatment,Channel 12: Control,No treatment,Control,Control,69.375
256,56,Channel 12,Station 4 + 09,2018,2018-01-01,No treatment,Channel 12: Control,No treatment,Control,Control,40.875
257,57,Channel 12,Station 4 + 56,2018,2018-01-01,No treatment,Channel 12: Control,No treatment,Control,Control,49
258,58,Channel 12,Station 4 + 65,2018,2018-01-01,No treatment,Channel 12: Control,No treatment,Control,Control,41.125
259,59,Channel 12,Station 5 + 13,2018,2018-01-01,No treatment,Channel 12: Control,No treatment,Control,Control,45.625
260,60,Channel 12,Station 5 + 48,2018,2018-01-01,No treatment,Channel 12: Control,No treatment,Control,Control,18.375
261,61,Channel 12,Station 6 + 30,2018,2018-01-01,No treatment,Channel 12: Control,No treatment,Control,Control,58.875
262,62,Channel 12,Station 6 + 93,2018,2018-01-01,No treatment,Channel 12: Control,No treatment,Control,Control,66.5625
263,33,Channel 13,Station 1 + 11.5 BAF,2018,2018-01-01,Baffle,Channel 13: In-channel treatment,Baffle,In-channel treatment,Treated,77.625
264,34,Channel 13,Station 1 + 38.5 ORD,2018,2018-01-01,One rock dam,Channel 13: In-channel treatment,One rock dam,In-channel treatment,Treated,89.75
265,35,Channel 13,Station 1 + 71 BAF,2018,2018-01-01,Baffle,Channel 13: In-channel treatment,Baffle,In-channel treatment,Treated,77.375
266,36,Channel 13,Station 1 + 77 ORD,2018,2018-01-01,One rock dam,Channel 13: In-channel treatment,One rock dam,In-channel treatment,Treated,70
267,37,Channel 13,Station 1 + 99 ORD,2018,2018-01-01,One rock dam,Channel 13: In-channel treatment,One rock dam,In-channel treatment,Treated,58.9375
268,38,Channel 13,Station 2 + 16 BAF,2018,2018-01-01,Baffle,Channel 13: In-channel treatment,Baffle,In-channel treatment,Treated,72.75
269,39,Channel 13,Station 2 + 57 ORD,2018,2018-01-01,One rock dam,Channel 13: In-channel treatment,One rock dam,In-channel treatment,Treated,67.875
270,40,Channel 13,Station 2 + 67 BAF,2018,2018-01-01,Baffle,Channel 13: In-channel treatment,Baffle,In-channel treatment,Treated,75.75
271,41,Channel 13,Station 3 + 09 ORD,2018,2018-01-01,One rock dam,Channel 13: In-channel treatment,One rock dam,In-channel treatment,Treated,109.875
272,42,Channel 13,Station 3 + 31 BAF,2018,2018-01-01,Baffle,Channel 13: In-channel treatment,Baffle,In-channel treatment,Treated,66.375
273,43,Channel 13,Station 3 + 65 ORD,2018,2018-01-01,One rock dam,Channel 13: In-channel treatment,One rock dam,In-channel treatment,Treated,62.625
274,44,Channel 13,Station 3 + 95.5 ORD,2018,2018-01-01,One rock dam,Channel 13: In-channel treatment,One rock dam,In-channel treatment,Treated,55.625
275,45,Channel 13,Station 4 + 14.5 BAF,2018,2018-01-01,Baffle,Channel 13: In-channel treatment,Baffle,In-channel treatment,Treated,56.375
276,46,Channel 13,Station 4 + 36 ORD,2018,2018-01-01,One rock dam,Channel 13: In-channel treatment,One rock dam,In-channel treatment,Treated,82.25
277,47,Channel 13,Station 4 + 50 BAF,2018,2018-01-01,Baffle,Channel 13: In-channel treatment,Baffle,In-channel treatment,Treated,123.5
278,48,Channel 13,Station 4 + 78 ORD,2018,2018-01-01,One rock dam,Channel 13: In-channel treatment,One rock dam,In-channel treatment,Treated,67.5
279,16,Channel 19,Station 01 + 04,2018,2018-01-01,No treatment,Channel 19: Upland treatment,Upland,Upland treatment,Control,104.375
280,17,Channel 19,Station 02 + 04,2018,2018-01-01,No treatment,Channel 19: Upland treatment,Upland,Upland treatment,Control,8.6875
281,18,Channel 19,Station 02 + 52,2018,2018-01-01,No treatment,Channel 19: Upland treatment,Upland,Upland treatment,Control,61.4375
282,19,Channel 19,Station 03 + 63,2018,2018-01-01,No treatment,Channel 19: Upland treatment,Upland,Upland treatment,Control,37.5
283,20,Channel 19,Station 03 + 98,2018,2018-01-01,No treatment,Channel 19: Upland treatment,Upland,Upland treatment,Control,60.25
284,21,Channel 19,Station 05 + 00,2018,2018-01-01,No treatment,Channel 19: Upland treatment,Upland,Upland treatment,Control,35.75
285,22,Channel 19,Station 05 + 09,2018,2018-01-01,No treatment,Channel 19: Upland treatment,Upland,Upland treatment,Control,88.375
286,23,Channel 19,Station 05 + 62,2018,2018-01-01,No treatment,Channel 19: Upland treatment,Upland,Upland treatment,Control,22.3125
287,24,Channel 19,Station 06 + 13,2018,2018-01-01,No treatment,Channel 19: Upland treatment,Upland,Upland treatment,Control,23.625
288,25,Channel 19,Station 06 + 97,2018,2018-01-01,No treatment,Channel 19: Upland treatment,Upland,Upland treatment,Control,47.875
289,26,Channel 19,Station 07 + 30,2018,2018-01-01,No treatment,Channel 19: Upland treatment,Upland,Upland treatment,Control,34.25
290,27,Channel 19,Station 07 + 50,2018,2018-01-01,No treatment,Channel 19: Upland treatment,Upland,Upland treatment,Control,24.75
291,28,Channel 19,Station 07 + 97,2018,2018-01-01,No treatment,Channel 19: Upland treatment,Upland,Upland treatment,Control,24.75
292,29,Channel 19,Station 09 + 05,2018,2018-01-01,No treatment,Channel 19: Upland treatment,Upland,Upland treatment,Control,41.25
293,30,Channel 19,Station 09 + 26,2018,2018-01-01,No treatment,Channel 19: Upland treatment,Upland,Upland treatment,Control,27.625
294,31,Channel 19,Station 09 + 68,2018,2018-01-01,No treatment,Channel 19: Upland treatment,Upland,Upland treatment,Control,54
295,32,Channel 19,Station 10 + 98,2018,2018-01-01,No treatment,Channel 19: Upland treatment,Upland,Upland treatment,Control,36
296,1,Channel 21,Station 01 + 07.5 BAF,2018,2018-01-01,Baffle,Channel 21: In-channel treatment,Baffle,In-channel treatment,Treated,39.75
297,2,Channel 21,Station 01 + 49 ORD,2018,2018-01-01,One rock dam,Channel 21: In-channel treatment,One rock dam,In-channel treatment,Treated,37.25
298,3,Channel 21,Station 02 + 15 BAF,2018,2018-01-01,Baffle,Channel 21: In-channel treatment,Baffle,In-channel treatment,Treated,9.5
299,4,Channel 21,Station 03 + 80 BAF,2018,2018-01-01,Baffle,Channel 21: In-channel treatment,Baffle,In-channel treatment,Treated,32
300,5,Channel 21,Station 04 + 90 ORD,2018,2018-01-01,One rock dam,Channel 21: In-channel treatment,One rock dam,In-channel treatment,Treated,13.625
301,6,Channel 21,Station 06 + 36 BAF,2018,2018-01-01,Baffle,Channel 21: In-channel treatment,Baffle,In-channel treatment,Treated,19.125
302,7,Channel 21,Station 07 + 49.5 ORD,2018,2018-01-01,One rock dam,Channel 21: In-channel treatment,One rock dam,In-channel treatment,Treated,42.625
303,8,Channel 21,Station 07 + 66 BAF,2018,2018-01-01,Baffle,Channel 21: In-channel treatment,Baffle,In-channel treatment,Treated,2.375
304,9,Channel 21,Station 08 + 62 BAF,2018,2018-01-01,Baffle,Channel 21: In-channel treatment,Baffle,In-channel treatment,Treated,38.75
305,10,Channel 21,Station 09 + 99 ORD,2018,2018-01-01,One rock dam,Channel 21: In-channel treatment,One rock dam,In-channel treatment,Treated,7.75
306,11,Channel 21,Station 10 + 13 BAF,2018,2018-01-01,Baffle,Channel 21: In-channel treatment,Baffle,In-channel treatment,Treated,37.625
307,12,Channel 21,Station 11 + 12 ORD,2018,2018-01-01,One rock dam,Channel 21: In-channel treatment,One rock dam,In-channel treatment,Treated,48.125
308,13,Channel 21,Station 11 + 24 BAF,2018,2018-01-01,Baffle,Channel 21: In-channel treatment,Baffle,In-channel treatment,Treated,26.25
309,14,Channel 21,Station 11 + 63 ORD,2018,2018-01-01,One rock dam,Channel 21: In-channel treatment,One rock dam,In-channel treatment,Treated,39.5
310,15,Channel 21,Station 11 + 73 BAF,2018,2018-01-01,Baffle,Channel 21: In-channel treatment,Baffle,In-channel treatment,Treated,17.875
311,49,Channel 12,Station 1 + 04,2021,2021-01-01,No treatment,Channel 12: Control,No treatment,Control,Control,34.75
312,50,Channel 12,Station 1 + 52,2021,2021-01-01,No treatment,Channel 12: Control,No treatment,Control,Control,37.625
313,51,Channel 12,Station 1 + 83,2021,2021-01-01,No treatment,Channel 12: Control,No treatment,Control,Control,63.625
314,52,Channel 12,Station 2 + 63,2021,2021-01-01,No treatment,Channel 12: Control,No treatment,Control,Control,35.125
315,53,Channel 12,Station 2 + 98,2021,2021-01-01,No treatment,Channel 12: Control,No treatment,Control,Control,67.125
316,54,Channel 12,Station 3 + 93,2021,2021-01-01,No treatment,Channel 12: Control,No treatment,Control,Control,88.625
317,55,Channel 12,Station 4 + 00,2021,2021-01-01,No treatment,Channel 12: Control,No treatment,Control,Control,96.6875
318,56,Channel 12,Station 4 + 09,2021,2021-01-01,No treatment,Channel 12: Control,No treatment,Control,Control,23.25
319,57,Channel 12,Station 4 + 56,2021,2021-01-01,No treatment,Channel 12: Control,No treatment,Control,Control,49.375
320,58,Channel 12,Station 4 + 65,2021,2021-01-01,No treatment,Channel 12: Control,No treatment,Control,Control,46.375
321,59,Channel 12,Station 5 + 13,2021,2021-01-01,No treatment,Channel 12: Control,No treatment,Control,Control,36.25
322,60,Channel 12,Station 5 + 48,2021,2021-01-01,No treatment,Channel 12: Control,No treatment,Control,Control,44.75
323,61,Channel 12,Station 6 + 30,2021,2021-01-01,No treatment,Channel 12: Control,No treatment,Control,Control,43.375
324,62,Channel 12,Station 6 + 93,2021,2021-01-01,No treatment,Channel 12: Control,No treatment,Control,Control,83.75
325,33,Channel 13,Station 1 + 11.5 BAF,2021,2021-01-01,Baffle,Channel 13: In-channel treatment,Baffle,In-channel treatment,Treated,85.5
326,34,Channel 13,Station 1 + 38.5 ORD,2021,2021-01-01,One rock dam,Channel 13: In-channel treatment,One rock dam,In-channel treatment,Treated,73.25
327,35,Channel 13,Station 1 + 71 BAF,2021,2021-01-01,Baffle,Channel 13: In-channel treatment,Baffle,In-channel treatment,Treated,68.75
328,36,Channel 13,Station 1 + 77 ORD,2021,2021-01-01,One rock dam,Channel 13: In-channel treatment,One rock dam,In-channel treatment,Treated,69
329,37,Channel 13,Station 1 + 99 ORD,2021,2021-01-01,One rock dam,Channel 13: In-channel treatment,One rock dam,In-channel treatment,Treated,40.875
330,38,Channel 13,Station 2 + 16 BAF,2021,2021-01-01,Baffle,Channel 13: In-channel treatment,Baffle,In-channel treatment,Treated,114.125
331,39,Channel 13,Station 2 + 57 ORD,2021,2021-01-01,One rock dam,Channel 13: In-channel treatment,One rock dam,In-channel treatment,Treated,40.125
332,40,Channel 13,Station 2 + 67 BAF,2021,2021-01-01,Baffle,Channel 13: In-channel treatment,Baffle,In-channel treatment,Treated,113.125
333,41,Channel 13,Station 3 + 09 ORD,2021,2021-01-01,One rock dam,Channel 13: In-channel treatment,One rock dam,In-channel treatment,Treated,5.875
334,42,Channel 13,Station 3 + 31 BAF,2021,2021-01-01,Baffle,Channel 13: In-channel treatment,Baffle,In-channel treatment,Treated,67.5
335,43,Channel 13,Station 3 + 65 ORD,2021,2021-01-01,One rock dam,Channel 13: In-channel treatment,One rock dam,In-channel treatment,Treated,97.875
336,44,Channel 13,Station 3 + 95.5 ORD,2021,2021-01-01,One rock dam,Channel 13: In-channel treatment,One rock dam,In-channel treatment,Treated,65
337,45,Channel 13,Station 4 + 14.5 BAF,2021,2021-01-01,Baffle,Channel 13: In-channel treatment,Baffle,In-channel treatment,Treated,72.125
338,46,Channel 13,Station 4 + 36 ORD,2021,2021-01-01,One rock dam,Channel 13: In-channel treatment,One rock dam,In-channel treatment,Treated,65.75
339,47,Channel 13,Station 4 + 50 BAF,2021,2021-01-01,Baffle,Channel 13: In-channel treatment,Baffle,In-channel treatment,Treated,82.25
340,48,Channel 13,Station 4 + 78 ORD,2021,2021-01-01,One rock dam,Channel 13: In-channel treatment,One rock dam,In-channel treatment,Treated,51.5
341,16,Channel 19,Station 01 + 04,2021,2021-01-01,No treatment,Channel 19: Upland treatment,Upland,Upland treatment,Control,47.875
342,17,Channel 19,Station 02 + 04,2021,2021-01-01,No treatment,Channel 19: Upland treatment,Upland,Upland treatment,Control,36.4375
343,18,Channel 19,Station 02 + 52,2021,2021-01-01,No treatment,Channel 19: Upland treatment,Upland,Upland treatment,Control,129.5
344,19,Channel 19,Station 03 + 63,2021,2021-01-01,No treatment,Channel 19: Upland treatment,Upland,Upland treatment,Control,113.75
345,20,Channel 19,Station 03 + 98,2021,2021-01-01,No treatment,Channel 19: Upland treatment,Upland,Upland treatment,Control,36.875
346,21,Channel 19,Station 05 + 00,2021,2021-01-01,No treatment,Channel 19: Upland treatment,Upland,Upland treatment,Control,79.25
347,22,Channel 19,Station 05 + 09,2021,2021-01-01,No treatment,Channel 19: Upland treatment,Upland,Upland treatment,Control,96.375
348,23,Channel 19,Station 05 + 62,2021,2021-01-01,No treatment,Channel 19: Upland treatment,Upland,Upland treatment,Control,33
349,24,Channel 19,Station 06 + 13,2021,2021-01-01,No treatment,Channel 19: Upland treatment,Upland,Upland treatment,Control,20.25
350,25,Channel 19,Station 06 + 97,2021,2021-01-01,No treatment,Channel 19: Upland treatment,Upland,Upland treatment,Control,72.5
351,26,Channel 19,Station 07 + 30,2021,2021-01-01,No treatment,Channel 19: Upland treatment,Upland,Upland treatment,Control,55
352,27,Channel 19,Station 07 + 50,2021,2021-01-01,No treatment,Channel 19: Upland treatment,Upland,Upland treatment,Control,87.25
353,28,Channel 19,Station 07 + 97,2021,2021-01-01,No treatment,Channel 19: Upland treatment,Upland,Upland treatment,Control,55.5
354,29,Channel 19,Station 09 + 05,2021,2021-01-01,No treatment,Channel 19: Upland treatment,Upland,Upland treatment,Control,75
355,30,Channel 19,Station 09 + 26,2021,2021-01-01,No treatment,Channel 19: Upland treatment,Upland,Upland treatment,Control,76.75
356,31,Channel 19,Station 09 + 68,2021,2021-01-01,No treatment,Channel 19: Upland treatment,Upland,Upland treatment,Control,102.875
357,32,Channel 19,Station 10 + 98,2021,2021-01-01,No treatment,Channel 19: Upland treatment,Upland,Upland treatment,Control,80.375
358,1,Channel 21,Station 01 + 07.5 BAF,2021,2021-01-01,Baffle,Channel 21: In-channel treatment,Baffle,In-channel treatment,Treated,31.125
359,2,Channel 21,Station 01 + 49 ORD,2021,2021-01-01,One rock dam,Channel 21: In-channel treatment,One rock dam,In-channel treatment,Treated,82.625
360,3,Channel 21,Station 02 + 15 BAF,2021,2021-01-01,Baffle,Channel 21: In-channel treatment,Baffle,In-channel treatment,Treated,2.25
361,4,Channel 21,Station 03 + 80 BAF,2021,2021-01-01,Baffle,Channel 21: In-channel treatment,Baffle,In-channel treatment,Treated,24
362,5,Channel 21,Station 04 + 90 ORD,2021,2021-01-01,One rock dam,Channel 21: In-channel treatment,One rock dam,In-channel treatment,Treated,7.375
363,6,Channel 21,Station 06 + 36 BAF,2021,2021-01-01,Baffle,Channel 21: In-channel treatment,Baffle,In-channel treatment,Treated,14.75
364,7,Channel 21,Station 07 + 49.5 ORD,2021,2021-01-01,One rock dam,Channel 21: In-channel treatment,One rock dam,In-channel treatment,Treated,30.25
365,8,Channel 21,Station 07 + 66 BAF,2021,2021-01-01,Baffle,Channel 21: In-channel treatment,Baffle,In-channel treatment,Treated,6.25
366,9,Channel 21,Station 08 + 62 BAF,2021,2021-01-01,Baffle,Channel 21: In-channel treatment,Baffle,In-channel treatment,Treated,29.125
367,10,Channel 21,Station 09 + 99 ORD,2021,2021-01-01,One rock dam,Channel 21: In-channel treatment,One rock dam,In-channel treatment,Treated,19.5
368,11,Channel 21,Station 10 + 13 BAF,2021,2021-01-01,Baffle,Channel 21: In-channel treatment,Baffle,In-channel treatment,Treated,19.375
369,12,Channel 21,Station 11 + 12 ORD,2021,2021-01-01,One rock dam,Channel 21: In-channel treatment,One rock dam,In-channel treatment,Treated,33
370,13,Channel 21,Station 11 + 24 BAF,2021,2021-01-01,Baffle,Channel 21: In-channel treatment,Baffle,In-channel treatment,Treated,21.875
371,14,Channel 21,Station 11 + 63 ORD,2021,2021-01-01,One rock dam,Channel 21: In-channel treatment,One rock dam,In-channel treatment,Treated,65.375
372,15,Channel 21,Station 11 + 73 BAF,2021,2021-01-01,Baffle,Channel 21: In-channel treatment,Baffle,In-channel treatment,Treated,52.5
